fung,AI,isolate,code,DPI,trt,rate_ppm,rep,length_mm,width_mm
Aprovia,Benzovindiflupyr,GD-16-1,SB1,7,1,0,1,84,84
Aprovia,Benzovindiflupyr,GD-16-1,SB1,7,1,0,2,84,84
Aprovia,Benzovindiflupyr,GD-16-1,SB1,7,1,0,3,84,84
Aprovia,Benzovindiflupyr,LrwHC-1,SB15,7,1,0,1,84,84
Aprovia,Benzovindiflupyr,LrwHC-1,SB15,7,1,0,2,84,84
Aprovia,Benzovindiflupyr,LrwHC-1,SB15,7,1,0,3,75.81,72.48
Aprovia,Benzovindiflupyr,GD-16-1,SB1,7,1,0.01,1,83.93,82.32
Aprovia,Benzovindiflupyr,GD-16-1,SB1,7,1,0.01,2,79.03,80.93
Aprovia,Benzovindiflupyr,GD-16-1,SB1,7,1,0.01,3,84,84
Aprovia,Benzovindiflupyr,LrwHC-1,SB15,7,1,0.01,1,80.43,74.07
Aprovia,Benzovindiflupyr,LrwHC-1,SB15,7,1,0.01,2,71.52,64.13
Aprovia,Benzovindiflupyr,LrwHC-1,SB15,7,1,0.01,3,80.52,79.49
Aprovia,Benzovindiflupyr,GD-16-1,SB1,7,1,0.1,1,67.49,72.97
Aprovia,Benzovindiflupyr,GD-16-1,SB1,7,1,0.1,2,76.78,75.03
Aprovia,Benzovindiflupyr,GD-16-1,SB1,7,1,0.1,3,73.91,72.24
Aprovia,Benzovindiflupyr,LrwHC-1,SB15,7,1,0.1,1,53.34,49.29
Aprovia,Benzovindiflupyr,LrwHC-1,SB15,7,1,0.1,2,55.95,56.2
Aprovia,Benzovindiflupyr,LrwHC-1,SB15,7,1,0.1,3,56.76,48.55
Aprovia,Benzovindiflupyr,GD-16-1,SB1,7,1,1,1,19.83,19.24
Aprovia,Benzovindiflupyr,GD-16-1,SB1,7,1,1,2,11.55,10.34
Aprovia,Benzovindiflupyr,GD-16-1,SB1,7,1,1,3,15.57,13.35
Aprovia,Benzovindiflupyr,LrwHC-1,SB15,7,1,1,1,15.47,15.87
Aprovia,Benzovindiflupyr,LrwHC-1,SB15,7,1,1,2,13.23,12.42
Aprovia,Benzovindiflupyr,LrwHC-1,SB15,7,1,1,3,14.17,14.14
Aprovia,Benzovindiflupyr,GD-16-1,SB1,7,1,10,1,8.1,6.6
Aprovia,Benzovindiflupyr,GD-16-1,SB1,7,1,10,2,10.84,6.19
Aprovia,Benzovindiflupyr,GD-16-1,SB1,7,1,10,3,7.17,7.82
Aprovia,Benzovindiflupyr,LrwHC-1,SB15,7,1,10,1,10.87,9.72
Aprovia,Benzovindiflupyr,LrwHC-1,SB15,7,1,10,2,8.22,7.62
Aprovia,Benzovindiflupyr,LrwHC-1,SB15,7,1,10,3,10.71,10.75
Aprovia,Benzovindiflupyr,GD-16-1,SB1,7,1,100,1,5.51,5.8
Aprovia,Benzovindiflupyr,GD-16-1,SB1,7,1,100,2,6.27,5.62
Aprovia,Benzovindiflupyr,GD-16-1,SB1,7,1,100,3,5.67,5.87
Aprovia,Benzovindiflupyr,LrwHC-1,SB15,7,1,100,1,5,5
Aprovia,Benzovindiflupyr,LrwHC-1,SB15,7,1,100,2,6.86,5.84
Aprovia,Benzovindiflupyr,LrwHC-1,SB15,7,1,100,3,5.41,5.91
Aprovia,Benzovindiflupyr,GD-16-1,SB1,7,1,500,1,5,5
Aprovia,Benzovindiflupyr,GD-16-1,SB1,7,1,500,2,5,5
Aprovia,Benzovindiflupyr,GD-16-1,SB1,7,1,500,3,5,5
Aprovia,Benzovindiflupyr,LrwHC-1,SB15,7,1,500,1,10.47,6.89
Aprovia,Benzovindiflupyr,LrwHC-1,SB15,7,1,500,2,8.3,7.32
Aprovia,Benzovindiflupyr,LrwHC-1,SB15,7,1,500,3,9.77,7.24
Aprovia,Benzovindiflupyr,GD-16-1,SB1,7,1,1000,1,5,5
Aprovia,Benzovindiflupyr,GD-16-1,SB1,7,1,1000,2,5,5
Aprovia,Benzovindiflupyr,GD-16-1,SB1,7,1,1000,3,5,5
Aprovia,Benzovindiflupyr,LrwHC-1,SB15,7,1,1000,1,10.22,8.43
Aprovia,Benzovindiflupyr,LrwHC-1,SB15,7,1,1000,2,9.51,9.35
Aprovia,Benzovindiflupyr,LrwHC-1,SB15,7,1,1000,3,6.26,6.62
Cabrio,Pyraclostrobin,GD-16-1,SB1,7,1,0,1,84,84
Cabrio,Pyraclostrobin,GD-16-1,SB1,7,1,0,2,84,84
Cabrio,Pyraclostrobin,GD-16-1,SB1,7,1,0,3,84,84
Cabrio,Pyraclostrobin,LrwHC-1,SB15,7,1,0,1,84,84
Cabrio,Pyraclostrobin,LrwHC-1,SB15,7,1,0,2,84,84
Cabrio,Pyraclostrobin,LrwHC-1,SB15,7,1,0,3,84,84
Cabrio,Pyraclostrobin,GD-16-1,SB1,7,1,0.01,1,84,84
Cabrio,Pyraclostrobin,GD-16-1,SB1,7,1,0.01,2,84,84
Cabrio,Pyraclostrobin,GD-16-1,SB1,7,1,0.01,3,84,84
Cabrio,Pyraclostrobin,LrwHC-1,SB15,7,1,0.01,1,84,84
Cabrio,Pyraclostrobin,LrwHC-1,SB15,7,1,0.01,2,84,84
Cabrio,Pyraclostrobin,LrwHC-1,SB15,7,1,0.01,3,81.1,84
Cabrio,Pyraclostrobin,GD-16-1,SB1,7,1,0.1,1,84,84
Cabrio,Pyraclostrobin,GD-16-1,SB1,7,1,0.1,2,84,84
Cabrio,Pyraclostrobin,GD-16-1,SB1,7,1,0.1,3,82.01,84
Cabrio,Pyraclostrobin,LrwHC-1,SB15,7,1,0.1,1,75.23,73.73
Cabrio,Pyraclostrobin,LrwHC-1,SB15,7,1,0.1,2,84,84
Cabrio,Pyraclostrobin,LrwHC-1,SB15,7,1,0.1,3,81.39,76.96
Cabrio,Pyraclostrobin,GD-16-1,SB1,7,1,1,1,64.72,66.58
Cabrio,Pyraclostrobin,GD-16-1,SB1,7,1,1,2,60.26,58.04
Cabrio,Pyraclostrobin,GD-16-1,SB1,7,1,1,3,49.54,49.46
Cabrio,Pyraclostrobin,LrwHC-1,SB15,7,1,1,1,39.33,32.97
Cabrio,Pyraclostrobin,LrwHC-1,SB15,7,1,1,2,68.78,76.94
Cabrio,Pyraclostrobin,LrwHC-1,SB15,7,1,1,3,60.33,51.85
Cabrio,Pyraclostrobin,GD-16-1,SB1,7,1,10,1,42.61,40.76
Cabrio,Pyraclostrobin,GD-16-1,SB1,7,1,10,2,35.5,35.16
Cabrio,Pyraclostrobin,GD-16-1,SB1,7,1,10,3,35.83,35.76
Cabrio,Pyraclostrobin,LrwHC-1,SB15,7,1,10,1,32.42,32.37
Cabrio,Pyraclostrobin,LrwHC-1,SB15,7,1,10,2,38.5,40.06
Cabrio,Pyraclostrobin,LrwHC-1,SB15,7,1,10,3,44.08,47.54
Cabrio,Pyraclostrobin,GD-16-1,SB1,7,1,100,1,23.25,23.35
Cabrio,Pyraclostrobin,GD-16-1,SB1,7,1,100,2,23.46,23.27
Cabrio,Pyraclostrobin,GD-16-1,SB1,7,1,100,3,22.12,24.52
Cabrio,Pyraclostrobin,LrwHC-1,SB15,7,1,100,1,43.89,44.38
Cabrio,Pyraclostrobin,LrwHC-1,SB15,7,1,100,2,42.17,44.68
Cabrio,Pyraclostrobin,LrwHC-1,SB15,7,1,100,3,41.82,40.19
Cabrio,Pyraclostrobin,GD-16-1,SB1,7,1,500,1,23.88,23.22
Cabrio,Pyraclostrobin,GD-16-1,SB1,7,1,500,2,20.67,19.07
Cabrio,Pyraclostrobin,GD-16-1,SB1,7,1,500,3,21.48,20.24
Cabrio,Pyraclostrobin,LrwHC-1,SB15,7,1,500,1,25.71,25.21
Cabrio,Pyraclostrobin,LrwHC-1,SB15,7,1,500,2,25.31,21.56
Cabrio,Pyraclostrobin,LrwHC-1,SB15,7,1,500,3,47.89,44.57
Cabrio,Pyraclostrobin,GD-16-1,SB1,7,1,1000,1,21.28,20.91
Cabrio,Pyraclostrobin,GD-16-1,SB1,7,1,1000,2,16.1,13.66
Cabrio,Pyraclostrobin,GD-16-1,SB1,7,1,1000,3,6.82,7.95
Cabrio,Pyraclostrobin,LrwHC-1,SB15,7,1,1000,1,20.27,17.85
Cabrio,Pyraclostrobin,LrwHC-1,SB15,7,1,1000,2,36.35,27.01
Cabrio,Pyraclostrobin,LrwHC-1,SB15,7,1,1000,3,17.79,13.51
Fontelis,Penthiopyrad,GD-16-1,SB1,7,1,0,1,84,84
Fontelis,Penthiopyrad,GD-16-1,SB1,7,1,0,2,84,84
Fontelis,Penthiopyrad,GD-16-1,SB1,7,1,0,3,84,84
Fontelis,Penthiopyrad,LrwHC-1,SB15,7,1,0,1,84,84
Fontelis,Penthiopyrad,LrwHC-1,SB15,7,1,0,2,84,84
Fontelis,Penthiopyrad,LrwHC-1,SB15,7,1,0,3,84,84
Fontelis,Penthiopyrad,GD-16-1,SB1,7,1,0.01,1,84,84
Fontelis,Penthiopyrad,GD-16-1,SB1,7,1,0.01,2,84,84
Fontelis,Penthiopyrad,GD-16-1,SB1,7,1,0.01,3,84,84
Fontelis,Penthiopyrad,LrwHC-1,SB15,7,1,0.01,1,84,84
Fontelis,Penthiopyrad,LrwHC-1,SB15,7,1,0.01,2,84,84
Fontelis,Penthiopyrad,LrwHC-1,SB15,7,1,0.01,3,84,84
Fontelis,Penthiopyrad,GD-16-1,SB1,7,1,0.1,1,83.74,81.61
Fontelis,Penthiopyrad,GD-16-1,SB1,7,1,0.1,2,80,81.05
Fontelis,Penthiopyrad,GD-16-1,SB1,7,1,0.1,3,80.81,82.31
Fontelis,Penthiopyrad,LrwHC-1,SB15,7,1,0.1,1,78.65,78.48
Fontelis,Penthiopyrad,LrwHC-1,SB15,7,1,0.1,2,78.12,78.42
Fontelis,Penthiopyrad,LrwHC-1,SB15,7,1,0.1,3,81.5,81.63
Fontelis,Penthiopyrad,GD-16-1,SB1,7,1,1,1,51.6,44.83
Fontelis,Penthiopyrad,GD-16-1,SB1,7,1,1,2,40.82,38.9
Fontelis,Penthiopyrad,GD-16-1,SB1,7,1,1,3,48.46,45.5
Fontelis,Penthiopyrad,LrwHC-1,SB15,7,1,1,1,44.28,43.38
Fontelis,Penthiopyrad,LrwHC-1,SB15,7,1,1,2,43.63,42.76
Fontelis,Penthiopyrad,LrwHC-1,SB15,7,1,1,3,40.15,40.29
Fontelis,Penthiopyrad,GD-16-1,SB1,7,1,10,1,11.92,11.63
Fontelis,Penthiopyrad,GD-16-1,SB1,7,1,10,2,11.64,10.11
Fontelis,Penthiopyrad,GD-16-1,SB1,7,1,10,3,11,9.83
Fontelis,Penthiopyrad,LrwHC-1,SB15,7,1,10,1,8.57,9.1
Fontelis,Penthiopyrad,LrwHC-1,SB15,7,1,10,2,9.28,9.22
Fontelis,Penthiopyrad,LrwHC-1,SB15,7,1,10,3,10.03,10.65
Fontelis,Penthiopyrad,GD-16-1,SB1,7,1,100,1,8.24,8.95
Fontelis,Penthiopyrad,GD-16-1,SB1,7,1,100,2,9.07,8.13
Fontelis,Penthiopyrad,GD-16-1,SB1,7,1,100,3,7.3,5.87
Fontelis,Penthiopyrad,LrwHC-1,SB15,7,1,100,1,9.46,8.06
Fontelis,Penthiopyrad,LrwHC-1,SB15,7,1,100,2,9.1,7.78
Fontelis,Penthiopyrad,LrwHC-1,SB15,7,1,100,3,7.48,5.33
Fontelis,Penthiopyrad,GD-16-1,SB1,7,1,500,1,6.73,6.35
Fontelis,Penthiopyrad,GD-16-1,SB1,7,1,500,2,7.38,5.34
Fontelis,Penthiopyrad,GD-16-1,SB1,7,1,500,3,7.13,6.72
Fontelis,Penthiopyrad,LrwHC-1,SB15,7,1,500,1,6.88,7.82
Fontelis,Penthiopyrad,LrwHC-1,SB15,7,1,500,2,6.84,8.58
Fontelis,Penthiopyrad,LrwHC-1,SB15,7,1,500,3,9.57,8.44
Fontelis,Penthiopyrad,GD-16-1,SB1,7,1,1000,1,6.75,6.18
Fontelis,Penthiopyrad,GD-16-1,SB1,7,1,1000,2,9.12,6.26
Fontelis,Penthiopyrad,GD-16-1,SB1,7,1,1000,3,5.35,5.85
Fontelis,Penthiopyrad,LrwHC-1,SB15,7,1,1000,1,6.46,5.82
Fontelis,Penthiopyrad,LrwHC-1,SB15,7,1,1000,2,7.5,5.31
Fontelis,Penthiopyrad,LrwHC-1,SB15,7,1,1000,3,5.4,5.95
Inspire,Difenoconazole ,GD-16-1,SB1,7,1,0,1,84,84
Inspire,Difenoconazole ,GD-16-1,SB1,7,1,0,2,84,84
Inspire,Difenoconazole ,GD-16-1,SB1,7,1,0,3,84,84
Inspire,Difenoconazole ,LrwHC-1,SB15,7,1,0,1,84,84
Inspire,Difenoconazole ,LrwHC-1,SB15,7,1,0,2,84,84
Inspire,Difenoconazole ,LrwHC-1,SB15,7,1,0,3,84,84
Inspire,Difenoconazole ,GD-16-1,SB1,7,1,0.01,1,84,84
Inspire,Difenoconazole ,GD-16-1,SB1,7,1,0.01,2,84,84
Inspire,Difenoconazole ,GD-16-1,SB1,7,1,0.01,3,84,84
Inspire,Difenoconazole ,LrwHC-1,SB15,7,1,0.01,1,84,84
Inspire,Difenoconazole ,LrwHC-1,SB15,7,1,0.01,2,84,84
Inspire,Difenoconazole ,LrwHC-1,SB15,7,1,0.01,3,84,84
Inspire,Difenoconazole ,GD-16-1,SB1,7,1,0.1,1,84,84
Inspire,Difenoconazole ,GD-16-1,SB1,7,1,0.1,2,84,84
Inspire,Difenoconazole ,GD-16-1,SB1,7,1,0.1,3,84,84
Inspire,Difenoconazole ,LrwHC-1,SB15,7,1,0.1,1,84,84
Inspire,Difenoconazole ,LrwHC-1,SB15,7,1,0.1,2,84,84
Inspire,Difenoconazole ,LrwHC-1,SB15,7,1,0.1,3,84,84
Inspire,Difenoconazole ,GD-16-1,SB1,7,1,1,1,27.14,17.92
Inspire,Difenoconazole ,GD-16-1,SB1,7,1,1,2,21.54,23.87
Inspire,Difenoconazole ,GD-16-1,SB1,7,1,1,3,26.9,25.64
Inspire,Difenoconazole ,LrwHC-1,SB15,7,1,1,1,41.77,34.79
Inspire,Difenoconazole ,LrwHC-1,SB15,7,1,1,2,38.35,38.65
Inspire,Difenoconazole ,LrwHC-1,SB15,7,1,1,3,27.02,24.73
Inspire,Difenoconazole ,GD-16-1,SB1,7,1,10,1,0,0
Inspire,Difenoconazole ,GD-16-1,SB1,7,1,10,2,5.24,4.98
Inspire,Difenoconazole ,GD-16-1,SB1,7,1,10,3,0,0
Inspire,Difenoconazole ,LrwHC-1,SB15,7,1,10,1,12.57,13.25
Inspire,Difenoconazole ,LrwHC-1,SB15,7,1,10,2,0,0
Inspire,Difenoconazole ,LrwHC-1,SB15,7,1,10,3,0,0
Inspire,Difenoconazole ,GD-16-1,SB1,7,1,100,1,0,0
Inspire,Difenoconazole ,GD-16-1,SB1,7,1,100,2,0,0
Inspire,Difenoconazole ,GD-16-1,SB1,7,1,100,3,0,0
Inspire,Difenoconazole ,LrwHC-1,SB15,7,1,100,1,0,0
Inspire,Difenoconazole ,LrwHC-1,SB15,7,1,100,2,0,0
Inspire,Difenoconazole ,LrwHC-1,SB15,7,1,100,3,0,0
Inspire,Difenoconazole ,GD-16-1,SB1,7,1,500,1,0,0
Inspire,Difenoconazole ,GD-16-1,SB1,7,1,500,2,0,0
Inspire,Difenoconazole ,GD-16-1,SB1,7,1,500,3,0,0
Inspire,Difenoconazole ,LrwHC-1,SB15,7,1,500,1,0,0
Inspire,Difenoconazole ,LrwHC-1,SB15,7,1,500,2,0,0
Inspire,Difenoconazole ,LrwHC-1,SB15,7,1,500,3,0,0
Inspire,Difenoconazole ,GD-16-1,SB1,7,1,1000,1,0,0
Inspire,Difenoconazole ,GD-16-1,SB1,7,1,1000,2,0,0
Inspire,Difenoconazole ,GD-16-1,SB1,7,1,1000,3,0,0
Inspire,Difenoconazole ,LrwHC-1,SB15,7,1,1000,1,0,0
Inspire,Difenoconazole ,LrwHC-1,SB15,7,1,1000,2,0,0
Inspire,Difenoconazole ,LrwHC-1,SB15,7,1,1000,3,0,0
Omega,Fluazinam,GD-16-1,SB1,7,1,0,1,84,84
Omega,Fluazinam,GD-16-1,SB1,7,1,0,2,84,84
Omega,Fluazinam,GD-16-1,SB1,7,1,0,3,84,84
Omega,Fluazinam,LrwHC-1,SB15,7,1,0,1,84,84
Omega,Fluazinam,LrwHC-1,SB15,7,1,0,2,84,84
Omega,Fluazinam,LrwHC-1,SB15,7,1,0,3,84,84
Omega,Fluazinam,GD-16-1,SB1,7,1,0.01,1,84,84
Omega,Fluazinam,GD-16-1,SB1,7,1,0.01,2,84,84
Omega,Fluazinam,GD-16-1,SB1,7,1,0.01,3,84,84
Omega,Fluazinam,LrwHC-1,SB15,7,1,0.01,1,84,84
Omega,Fluazinam,LrwHC-1,SB15,7,1,0.01,2,84,84
Omega,Fluazinam,LrwHC-1,SB15,7,1,0.01,3,84,84
Omega,Fluazinam,GD-16-1,SB1,7,1,0.1,1,54.13,55.37
Omega,Fluazinam,GD-16-1,SB1,7,1,0.1,2,51.78,52.5
Omega,Fluazinam,GD-16-1,SB1,7,1,0.1,3,57.56,55.93
Omega,Fluazinam,LrwHC-1,SB15,7,1,0.1,1,52.34,51.21
Omega,Fluazinam,LrwHC-1,SB15,7,1,0.1,2,49.03,48.96
Omega,Fluazinam,LrwHC-1,SB15,7,1,0.1,3,45.14,45.26
Omega,Fluazinam,GD-16-1,SB1,7,1,1,1,0,0
Omega,Fluazinam,GD-16-1,SB1,7,1,1,2,0,0
Omega,Fluazinam,GD-16-1,SB1,7,1,1,3,0,0
Omega,Fluazinam,LrwHC-1,SB15,7,1,1,1,22.97,22.22
Omega,Fluazinam,LrwHC-1,SB15,7,1,1,2,17.84,16.66
Omega,Fluazinam,LrwHC-1,SB15,7,1,1,3,19.53,18.15
Omega,Fluazinam,GD-16-1,SB1,7,1,10,1,0,0
Omega,Fluazinam,GD-16-1,SB1,7,1,10,2,0,0
Omega,Fluazinam,GD-16-1,SB1,7,1,10,3,13.7,13.33
Omega,Fluazinam,LrwHC-1,SB15,7,1,10,1,0,0
Omega,Fluazinam,LrwHC-1,SB15,7,1,10,2,0,0
Omega,Fluazinam,LrwHC-1,SB15,7,1,10,3,11.22,9.64
Omega,Fluazinam,GD-16-1,SB1,7,1,100,1,0,0
Omega,Fluazinam,GD-16-1,SB1,7,1,100,2,0,0
Omega,Fluazinam,GD-16-1,SB1,7,1,100,3,0,0
Omega,Fluazinam,LrwHC-1,SB15,7,1,100,1,0,0
Omega,Fluazinam,LrwHC-1,SB15,7,1,100,2,5.83,5
Omega,Fluazinam,LrwHC-1,SB15,7,1,100,3,13.94,14.6
Omega,Fluazinam,GD-16-1,SB1,7,1,500,1,0,0
Omega,Fluazinam,GD-16-1,SB1,7,1,500,2,0,0
Omega,Fluazinam,GD-16-1,SB1,7,1,500,3,0,0
TopsinM,Thiophanate_methyl,GD-16-1,SB1,7,1,0,1,84,84
TopsinM,Thiophanate_methyl,GD-16-1,SB1,7,1,0,2,84,84
TopsinM,Thiophanate_methyl,GD-16-1,SB1,7,1,0,3,84,84
TopsinM,Thiophanate_methyl,LrwHC-1,SB15,7,1,0,1,84,84
TopsinM,Thiophanate_methyl,LrwHC-1,SB15,7,1,0,2,84,84
TopsinM,Thiophanate_methyl,LrwHC-1,SB15,7,1,0,3,84,84
TopsinM,Thiophanate_methyl,GD-16-1,SB1,7,1,0.01,1,84,84
TopsinM,Thiophanate_methyl,GD-16-1,SB1,7,1,0.01,2,84,84
TopsinM,Thiophanate_methyl,GD-16-1,SB1,7,1,0.01,3,84,84
TopsinM,Thiophanate_methyl,LrwHC-1,SB15,7,1,0.01,1,84,84
TopsinM,Thiophanate_methyl,LrwHC-1,SB15,7,1,0.01,2,84,84
TopsinM,Thiophanate_methyl,LrwHC-1,SB15,7,1,0.01,3,84,84
TopsinM,Thiophanate_methyl,GD-16-1,SB1,7,1,0.1,1,84,84
TopsinM,Thiophanate_methyl,GD-16-1,SB1,7,1,0.1,2,84,84
TopsinM,Thiophanate_methyl,GD-16-1,SB1,7,1,0.1,3,84,84
TopsinM,Thiophanate_methyl,LrwHC-1,SB15,7,1,0.1,1,84,84
TopsinM,Thiophanate_methyl,LrwHC-1,SB15,7,1,0.1,2,84,84
TopsinM,Thiophanate_methyl,LrwHC-1,SB15,7,1,0.1,3,84,84
TopsinM,Thiophanate_methyl,GD-16-1,SB1,7,1,1,1,84,84
TopsinM,Thiophanate_methyl,GD-16-1,SB1,7,1,1,2,84,84
TopsinM,Thiophanate_methyl,GD-16-1,SB1,7,1,1,3,84,84
TopsinM,Thiophanate_methyl,LrwHC-1,SB15,7,1,1,1,84,84
TopsinM,Thiophanate_methyl,LrwHC-1,SB15,7,1,1,2,84,84
TopsinM,Thiophanate_methyl,LrwHC-1,SB15,7,1,1,3,84,84
TopsinM,Thiophanate_methyl,GD-16-1,SB1,7,1,10,1,84,84
TopsinM,Thiophanate_methyl,GD-16-1,SB1,7,1,10,2,84,84
TopsinM,Thiophanate_methyl,GD-16-1,SB1,7,1,10,3,84,84
TopsinM,Thiophanate_methyl,LrwHC-1,SB15,7,1,10,1,76.96,79.44
TopsinM,Thiophanate_methyl,LrwHC-1,SB15,7,1,10,2,78.74,79.56
TopsinM,Thiophanate_methyl,LrwHC-1,SB15,7,1,10,3,80.11,80
TopsinM,Thiophanate_methyl,GD-16-1,SB1,7,1,100,1,84,84
TopsinM,Thiophanate_methyl,GD-16-1,SB1,7,1,100,2,84,84
TopsinM,Thiophanate_methyl,GD-16-1,SB1,7,1,100,3,84,84
TopsinM,Thiophanate_methyl,LrwHC-1,SB15,7,1,100,1,84,84
TopsinM,Thiophanate_methyl,LrwHC-1,SB15,7,1,100,2,84,84
TopsinM,Thiophanate_methyl,LrwHC-1,SB15,7,1,100,3,84,84
TopsinM,Thiophanate_methyl,GD-16-1,SB1,7,1,500,1,84,84
TopsinM,Thiophanate_methyl,GD-16-1,SB1,7,1,500,2,84,84
TopsinM,Thiophanate_methyl,GD-16-1,SB1,7,1,500,3,84,84
TopsinM,Thiophanate_methyl,LrwHC-1,SB15,7,1,500,1,84,84
TopsinM,Thiophanate_methyl,LrwHC-1,SB15,7,1,500,2,84,84
TopsinM,Thiophanate_methyl,LrwHC-1,SB15,7,1,500,3,84,84
TopsinM,Thiophanate_methyl,GD-16-1,SB1,7,1,1000,1,84,84
TopsinM,Thiophanate_methyl,GD-16-1,SB1,7,1,1000,2,84,84
TopsinM,Thiophanate_methyl,GD-16-1,SB1,7,1,1000,3,84,84
TopsinM,Thiophanate_methyl,LrwHC-1,SB15,7,1,1000,1,84,84
TopsinM,Thiophanate_methyl,LrwHC-1,SB15,7,1,1000,2,84,84
TopsinM,Thiophanate_methyl,LrwHC-1,SB15,7,1,1000,3,84,84
Fontelis,Penthiopyrad,GD-16-1,SB1,7,2,0,1,84,84
Fontelis,Penthiopyrad,GD-16-1,SB1,7,2,0,2,84,84
Fontelis,Penthiopyrad,GD-16-1,SB1,7,2,0,3,84,84
Fontelis,Penthiopyrad,GD-16-1,SB1,7,2,0.01,1,84,84
Fontelis,Penthiopyrad,GD-16-1,SB1,7,2,0.01,2,84,84
Fontelis,Penthiopyrad,GD-16-1,SB1,7,2,0.01,3,84,84
Fontelis,Penthiopyrad,GD-16-1,SB1,7,2,0.1,1,71.52,68.1
Fontelis,Penthiopyrad,GD-16-1,SB1,7,2,0.1,2,83.35,80.49
Fontelis,Penthiopyrad,GD-16-1,SB1,7,2,0.1,3,79.65,83.39
Fontelis,Penthiopyrad,GD-16-1,SB1,7,2,1,1,33.61,31.51
Fontelis,Penthiopyrad,GD-16-1,SB1,7,2,1,2,26.34,25.59
Fontelis,Penthiopyrad,GD-16-1,SB1,7,2,1,3,25.14,23.69
Fontelis,Penthiopyrad,GD-16-1,SB1,7,2,10,1,10.84,8.55
Fontelis,Penthiopyrad,GD-16-1,SB1,7,2,10,2,11.23,9.65
Fontelis,Penthiopyrad,GD-16-1,SB1,7,2,10,3,9.29,7.09
Fontelis,Penthiopyrad,GD-16-1,SB1,7,2,100,1,9.2,8.35
Fontelis,Penthiopyrad,GD-16-1,SB1,7,2,100,2,9.56,9.14
Fontelis,Penthiopyrad,GD-16-1,SB1,7,2,100,3,9.07,8.47
Fontelis,Penthiopyrad,GD-16-1,SB1,7,2,500,1,7.34,7.01
Fontelis,Penthiopyrad,GD-16-1,SB1,7,2,500,2,9.03,7.5
Fontelis,Penthiopyrad,GD-16-1,SB1,7,2,500,3,7.51,6.7
Fontelis,Penthiopyrad,GD-16-1,SB1,7,2,1000,1,0,0
Fontelis,Penthiopyrad,GD-16-1,SB1,7,2,1000,2,0,0
Fontelis,Penthiopyrad,GD-16-1,SB1,7,2,1000,3,0,0
Fontelis,Penthiopyrad,LrwHC-1,SB15,7,2,0,1,84,84
Fontelis,Penthiopyrad,LrwHC-1,SB15,7,2,0,2,84,84
Fontelis,Penthiopyrad,LrwHC-1,SB15,7,2,0,3,84,84
Fontelis,Penthiopyrad,LrwHC-1,SB15,7,2,0.01,1,84,84
Fontelis,Penthiopyrad,LrwHC-1,SB15,7,2,0.01,2,84,84
Fontelis,Penthiopyrad,LrwHC-1,SB15,7,2,0.01,3,84,84
Fontelis,Penthiopyrad,LrwHC-1,SB15,7,2,0.1,1,55.8,55.68
Fontelis,Penthiopyrad,LrwHC-1,SB15,7,2,0.1,2,55.41,51.78
Fontelis,Penthiopyrad,LrwHC-1,SB15,7,2,0.1,3,56.4,53.94
Fontelis,Penthiopyrad,LrwHC-1,SB15,7,2,1,1,14.04,13.33
Fontelis,Penthiopyrad,LrwHC-1,SB15,7,2,1,2,15.27,13.5
Fontelis,Penthiopyrad,LrwHC-1,SB15,7,2,1,3,14.47,13.15
Fontelis,Penthiopyrad,LrwHC-1,SB15,7,2,10,1,6.74,6.1
Fontelis,Penthiopyrad,LrwHC-1,SB15,7,2,10,2,0,0
Fontelis,Penthiopyrad,LrwHC-1,SB15,7,2,10,3,0,0
Fontelis,Penthiopyrad,LrwHC-1,SB15,7,2,100,1,0,0
Fontelis,Penthiopyrad,LrwHC-1,SB15,7,2,100,2,0,0
Fontelis,Penthiopyrad,LrwHC-1,SB15,7,2,100,3,0,0
Fontelis,Penthiopyrad,LrwHC-1,SB15,7,2,500,1,0,0
Fontelis,Penthiopyrad,LrwHC-1,SB15,7,2,500,2,0,0
Fontelis,Penthiopyrad,LrwHC-1,SB15,7,2,500,3,0,0
Fontelis,Penthiopyrad,LrwHC-1,SB15,7,2,1000,1,0,0
Fontelis,Penthiopyrad,LrwHC-1,SB15,7,2,1000,2,0,0
Fontelis,Penthiopyrad,LrwHC-1,SB15,7,2,1000,3,0,0
Omega,Fluazinam,GD-16-1,SB1,7,2,0,1,84,84
Omega,Fluazinam,GD-16-1,SB1,7,2,0,2,84,84
Omega,Fluazinam,GD-16-1,SB1,7,2,0,3,84,84
Omega,Fluazinam,GD-16-1,SB1,7,2,0.01,1,84,84
Omega,Fluazinam,GD-16-1,SB1,7,2,0.01,2,84,84
Omega,Fluazinam,GD-16-1,SB1,7,2,0.01,3,83.44,81.61
Omega,Fluazinam,GD-16-1,SB1,7,2,0.1,1,76.64,76.63
Omega,Fluazinam,GD-16-1,SB1,7,2,0.1,2,81.96,82
Omega,Fluazinam,GD-16-1,SB1,7,2,0.1,3,80.45,81.31
Omega,Fluazinam,GD-16-1,SB1,7,2,1,1,0,0
Omega,Fluazinam,GD-16-1,SB1,7,2,1,2,0,0
Omega,Fluazinam,GD-16-1,SB1,7,2,1,3,0,0
Omega,Fluazinam,GD-16-1,SB1,7,2,10,1,0,0
Omega,Fluazinam,GD-16-1,SB1,7,2,10,2,16.95,16.44
Omega,Fluazinam,GD-16-1,SB1,7,2,10,3,0,0
Omega,Fluazinam,GD-16-1,SB1,7,2,100,1,0,0
Omega,Fluazinam,GD-16-1,SB1,7,2,100,2,0,0
Omega,Fluazinam,GD-16-1,SB1,7,2,100,3,0,0
Omega,Fluazinam,GD-16-1,SB1,7,2,500,1,0,0
Omega,Fluazinam,GD-16-1,SB1,7,2,500,2,0,0
Omega,Fluazinam,GD-16-1,SB1,7,2,500,3,0,0
Omega,Fluazinam,GD-16-1,SB1,7,2,1000,1,0,0
Omega,Fluazinam,GD-16-1,SB1,7,2,1000,2,0,0
Omega,Fluazinam,GD-16-1,SB1,7,2,1000,3,0,0
Omega,Fluazinam,LrwHC-1,SB15,7,2,0,1,84,84
Omega,Fluazinam,LrwHC-1,SB15,7,2,0,2,84,84
Omega,Fluazinam,LrwHC-1,SB15,7,2,0,3,84,84
Omega,Fluazinam,LrwHC-1,SB15,7,2,0.01,1,84,84
Omega,Fluazinam,LrwHC-1,SB15,7,2,0.01,2,84,84
Omega,Fluazinam,LrwHC-1,SB15,7,2,0.01,3,84,84
Omega,Fluazinam,LrwHC-1,SB15,7,2,0.1,1,75.04,73.61
Omega,Fluazinam,LrwHC-1,SB15,7,2,0.1,2,77.3,73.57
Omega,Fluazinam,LrwHC-1,SB15,7,2,0.1,3,74.82,74.73
Omega,Fluazinam,LrwHC-1,SB15,7,2,1,1,0,0
Omega,Fluazinam,LrwHC-1,SB15,7,2,1,2,0,0
Omega,Fluazinam,LrwHC-1,SB15,7,2,1,3,0,0
Omega,Fluazinam,LrwHC-1,SB15,7,2,10,1,0,0
Omega,Fluazinam,LrwHC-1,SB15,7,2,10,2,0,0
Omega,Fluazinam,LrwHC-1,SB15,7,2,10,3,0,0
Omega,Fluazinam,LrwHC-1,SB15,7,2,100,1,0,0
Omega,Fluazinam,LrwHC-1,SB15,7,2,100,2,0,0
Omega,Fluazinam,LrwHC-1,SB15,7,2,100,3,0,0
Omega,Fluazinam,LrwHC-1,SB15,7,2,500,1,0,0
Omega,Fluazinam,LrwHC-1,SB15,7,2,500,2,0,0
Omega,Fluazinam,LrwHC-1,SB15,7,2,500,3,0,0
Omega,Fluazinam,LrwHC-1,SB15,7,2,1000,1,0,0
Omega,Fluazinam,LrwHC-1,SB15,7,2,1000,2,0,0
Omega,Fluazinam,LrwHC-1,SB15,7,2,1000,3,0,0
Aprovia,Benzovindiflupyr,GD-16-1,SB1,7,2,0,1,84,84
Aprovia,Benzovindiflupyr,GD-16-1,SB1,7,2,0,2,84,84
Aprovia,Benzovindiflupyr,GD-16-1,SB1,7,2,0,3,84,84
Aprovia,Benzovindiflupyr,GD-16-1,SB1,7,2,0.01,1,73.16,73.35
Aprovia,Benzovindiflupyr,GD-16-1,SB1,7,2,0.01,2,79.33,78.64
Aprovia,Benzovindiflupyr,GD-16-1,SB1,7,2,0.01,3,79.99,81.65
Aprovia,Benzovindiflupyr,GD-16-1,SB1,7,2,0.1,1,59.19,58.63
Aprovia,Benzovindiflupyr,GD-16-1,SB1,7,2,0.1,2,61.68,58.68
Aprovia,Benzovindiflupyr,GD-16-1,SB1,7,2,0.1,3,59.93,53.39
Aprovia,Benzovindiflupyr,GD-16-1,SB1,7,2,1,1,21.98,22.86
Aprovia,Benzovindiflupyr,GD-16-1,SB1,7,2,1,2,28.8,25.36
Aprovia,Benzovindiflupyr,GD-16-1,SB1,7,2,1,3,22.65,23.37
Aprovia,Benzovindiflupyr,GD-16-1,SB1,7,2,10,1,11.89,14.19
Aprovia,Benzovindiflupyr,GD-16-1,SB1,7,2,10,2,20.23,13.15
Aprovia,Benzovindiflupyr,GD-16-1,SB1,7,2,10,3,17.1,13.12
Aprovia,Benzovindiflupyr,GD-16-1,SB1,7,2,100,1,7.6,7.04
Aprovia,Benzovindiflupyr,GD-16-1,SB1,7,2,100,2,6.99,6.29
Aprovia,Benzovindiflupyr,GD-16-1,SB1,7,2,100,3,5.63,6
Aprovia,Benzovindiflupyr,GD-16-1,SB1,7,2,500,1,0,0
Aprovia,Benzovindiflupyr,GD-16-1,SB1,7,2,500,2,0,0
Aprovia,Benzovindiflupyr,GD-16-1,SB1,7,2,500,3,0,0
Aprovia,Benzovindiflupyr,GD-16-1,SB1,7,2,1000,1,0,0
Aprovia,Benzovindiflupyr,GD-16-1,SB1,7,2,1000,2,0,0
Aprovia,Benzovindiflupyr,GD-16-1,SB1,7,2,1000,3,0,0
Aprovia,Benzovindiflupyr,LrwHC-1,SB15,7,2,0,1,84,84
Aprovia,Benzovindiflupyr,LrwHC-1,SB15,7,2,0,2,84,84
Aprovia,Benzovindiflupyr,LrwHC-1,SB15,7,2,0,3,84,84
Aprovia,Benzovindiflupyr,LrwHC-1,SB15,7,2,0.01,1,69.53,80.51
Aprovia,Benzovindiflupyr,LrwHC-1,SB15,7,2,0.01,2,76.92,78.61
Aprovia,Benzovindiflupyr,LrwHC-1,SB15,7,2,0.01,3,80.73,82.4
Aprovia,Benzovindiflupyr,LrwHC-1,SB15,7,2,0.1,1,67.42,60.28
Aprovia,Benzovindiflupyr,LrwHC-1,SB15,7,2,0.1,2,64.93,62.03
Aprovia,Benzovindiflupyr,LrwHC-1,SB15,7,2,0.1,3,57.97,50.49
Aprovia,Benzovindiflupyr,LrwHC-1,SB15,7,2,1,1,29.04,32
Aprovia,Benzovindiflupyr,LrwHC-1,SB15,7,2,1,2,32.17,28.42
Aprovia,Benzovindiflupyr,LrwHC-1,SB15,7,2,1,3,27.58,24.49
Aprovia,Benzovindiflupyr,LrwHC-1,SB15,7,2,10,1,20.45,16.74
Aprovia,Benzovindiflupyr,LrwHC-1,SB15,7,2,10,2,18.72,19.2
Aprovia,Benzovindiflupyr,LrwHC-1,SB15,7,2,10,3,15.71,16.18
Aprovia,Benzovindiflupyr,LrwHC-1,SB15,7,2,100,1,13.06,11.14
Aprovia,Benzovindiflupyr,LrwHC-1,SB15,7,2,100,2,8.75,7.22
Aprovia,Benzovindiflupyr,LrwHC-1,SB15,7,2,100,3,12.09,9.21
Aprovia,Benzovindiflupyr,LrwHC-1,SB15,7,2,500,1,0,0
Aprovia,Benzovindiflupyr,LrwHC-1,SB15,7,2,500,2,0,0
Aprovia,Benzovindiflupyr,LrwHC-1,SB15,7,2,500,3,0,0
Aprovia,Benzovindiflupyr,LrwHC-1,SB15,7,2,1000,1,0,0
Aprovia,Benzovindiflupyr,LrwHC-1,SB15,7,2,1000,2,0,0
Aprovia,Benzovindiflupyr,LrwHC-1,SB15,7,2,1000,3,0,0
