Fung.,A.I.,Isolate,Code,Date Plated,Date Measured,DPI,Rate (ppm),Rep,Length (mm),Width (mm)
Omega,fluazinam,GD-16-1,SB1,2023-06-14,2023-06-21,7,0,1,84,84
Omega,fluazinam,GD-16-1,SB1,2023-06-14,2023-06-21,7,0,2,84,84
Omega,fluazinam,GD-16-1,SB1,2023-06-14,2023-06-21,7,0,3,84,84
Omega,fluazinam,GD-16-1,SB1,2023-06-14,2023-06-21,7,500,1,0,0
Omega,fluazinam,GD-16-1,SB1,2023-06-14,2023-06-21,7,500,2,0,0
Omega,fluazinam,GD-16-1,SB1,2023-06-14,2023-06-21,7,500,3,0,0
Omega,fluazinam,GD-16-1,SB1,2023-06-14,2023-06-21,7,1000,1,0,0
Omega,fluazinam,GD-16-1,SB1,2023-06-14,2023-06-21,7,1000,2,0,0
Omega,fluazinam,GD-16-1,SB1,2023-06-14,2023-06-21,7,1000,3,0,0
Omega,fluazinam,Gla18-38,SB11,2023-06-14,2023-06-21,7,0,1,84,84
Omega,fluazinam,Gla18-38,SB11,2023-06-14,2023-06-21,7,0,2,84,84
Omega,fluazinam,Gla18-38,SB11,2023-06-14,2023-06-21,7,0,3,84,84
Omega,fluazinam,Gla18-38,SB11,2023-06-14,2023-06-21,7,500,1,7,7.1
Omega,fluazinam,Gla18-38,SB11,2023-06-14,2023-06-21,7,500,2,0,0
Omega,fluazinam,Gla18-38,SB11,2023-06-14,2023-06-21,7,500,3,10.72,10.76
Omega,fluazinam,Gla18-38,SB11,2023-06-14,2023-06-21,7,1000,1,9.92,8.76
Omega,fluazinam,Gla18-38,SB11,2023-06-14,2023-06-21,7,1000,2,9.89,11.33
Omega,fluazinam,Gla18-38,SB11,2023-06-14,2023-06-21,7,1000,3,7.64,8.09
Omega,fluazinam,LrwHC-1,SB15,2023-06-14,2023-06-21,7,0,1,84,84
Omega,fluazinam,LrwHC-1,SB15,2023-06-14,2023-06-21,7,0,2,84,84
Omega,fluazinam,LrwHC-1,SB15,2023-06-14,2023-06-21,7,0,3,84,84
Omega,fluazinam,LrwHC-1,SB15,2023-06-14,2023-06-21,7,500,1,0,0
Omega,fluazinam,LrwHC-1,SB15,2023-06-14,2023-06-21,7,500,2,0,0
Omega,fluazinam,LrwHC-1,SB15,2023-06-14,2023-06-21,7,500,3,0,0
Omega,fluazinam,LrwHC-1,SB15,2023-06-14,2023-06-21,7,1000,1,0,0
Omega,fluazinam,LrwHC-1,SB15,2023-06-14,2023-06-21,7,1000,2,0,0
Omega,fluazinam,LrwHC-1,SB15,2023-06-14,2023-06-21,7,1000,3,0,0
Omega,fluazinam,GD-16-1,SB1,2023-06-30,2023-07-07,7,0,1,84,84
Omega,fluazinam,GD-16-1,SB1,2023-06-30,2023-07-07,7,0,2,84,84
Omega,fluazinam,GD-16-1,SB1,2023-06-30,2023-07-07,7,0,3,84,84
Omega,fluazinam,GD-16-1,SB1,2023-06-30,2023-07-07,7,0.01,1,84,84
Omega,fluazinam,GD-16-1,SB1,2023-06-30,2023-07-07,7,0.01,2,84,84
Omega,fluazinam,GD-16-1,SB1,2023-06-30,2023-07-07,7,0.01,3,84,84
Omega,fluazinam,GD-16-1,SB1,2023-06-30,2023-07-07,7,0.1,1,54.13,55.37
Omega,fluazinam,GD-16-1,SB1,2023-06-30,2023-07-07,7,0.1,2,51.78,52.5
Omega,fluazinam,GD-16-1,SB1,2023-06-30,2023-07-07,7,0.1,3,57.56,55.93
Omega,fluazinam,GD-16-1,SB1,2023-06-30,2023-07-07,7,1,1,0,0
Omega,fluazinam,GD-16-1,SB1,2023-06-30,2023-07-07,7,1,2,0,0
Omega,fluazinam,GD-16-1,SB1,2023-06-30,2023-07-07,7,1,3,0,0
Omega,fluazinam,GD-16-1,SB1,2023-06-30,2023-07-07,7,10,1,0,0
Omega,fluazinam,GD-16-1,SB1,2023-06-30,2023-07-07,7,10,2,0,0
Omega,fluazinam,GD-16-1,SB1,2023-06-30,2023-07-07,7,10,3,13.7,13.33
Omega,fluazinam,GD-16-1,SB1,2023-06-30,2023-07-07,7,100,1,0,0
Omega,fluazinam,GD-16-1,SB1,2023-06-30,2023-07-07,7,100,2,0,0
Omega,fluazinam,GD-16-1,SB1,2023-06-30,2023-07-07,7,100,3,0,0
Omega,fluazinam,GD-16-1,SB1,2023-06-30,2023-07-07,7,500,1,0,0
Omega,fluazinam,GD-16-1,SB1,2023-06-30,2023-07-07,7,500,2,0,0
Omega,fluazinam,GD-16-1,SB1,2023-06-30,2023-07-07,7,500,3,0,0
Omega,fluazinam,GD-16-1,SB1,2023-06-30,2023-07-07,7,1000,1,0,0
Omega,fluazinam,GD-16-1,SB1,2023-06-30,2023-07-07,7,1000,2,0,0
Omega,fluazinam,GD-16-1,SB1,2023-06-30,2023-07-07,7,1000,3,0,0
Omega,fluazinam,Gla18-38,SB11,2023-06-30,2023-07-07,7,0,1,29.85,29.41
Omega,fluazinam,Gla18-38,SB11,2023-06-30,2023-07-07,7,0,2,41.34,30.11
Omega,fluazinam,Gla18-38,SB11,2023-06-30,2023-07-07,7,0,3,39.29,29.04
Omega,fluazinam,Gla18-38,SB11,2023-06-30,2023-07-07,7,0.01,1,76.47,84
Omega,fluazinam,Gla18-38,SB11,2023-06-30,2023-07-07,7,0.01,2,76.83,75.22
Omega,fluazinam,Gla18-38,SB11,2023-06-30,2023-07-07,7,0.01,3,81.27,79.97
Omega,fluazinam,Gla18-38,SB11,2023-06-30,2023-07-07,7,0.1,1,50.7,47.7
Omega,fluazinam,Gla18-38,SB11,2023-06-30,2023-07-07,7,0.1,2,53.01,51.2
Omega,fluazinam,Gla18-38,SB11,2023-06-30,2023-07-07,7,0.1,3,42.36,42.18
Omega,fluazinam,Gla18-38,SB11,2023-06-30,2023-07-07,7,1,1,23.56,22.75
Omega,fluazinam,Gla18-38,SB11,2023-06-30,2023-07-07,7,1,2,22.65,20.88
Omega,fluazinam,Gla18-38,SB11,2023-06-30,2023-07-07,7,1,3,21.92,21.23
Omega,fluazinam,Gla18-38,SB11,2023-06-30,2023-07-07,7,10,1,13.33,14.91
Omega,fluazinam,Gla18-38,SB11,2023-06-30,2023-07-07,7,10,2,14.3,14.37
Omega,fluazinam,Gla18-38,SB11,2023-06-30,2023-07-07,7,10,3,14.07,13.72
Omega,fluazinam,Gla18-38,SB11,2023-06-30,2023-07-07,7,100,1,12.37,12.44
Omega,fluazinam,Gla18-38,SB11,2023-06-30,2023-07-07,7,100,2,6.8,8.65
Omega,fluazinam,Gla18-38,SB11,2023-06-30,2023-07-07,7,100,3,12.87,11.89
Omega,fluazinam,Gla18-38,SB11,2023-06-30,2023-07-07,7,500,1,9.99,10.82
Omega,fluazinam,Gla18-38,SB11,2023-06-30,2023-07-07,7,500,2,12.43,10.86
Omega,fluazinam,Gla18-38,SB11,2023-06-30,2023-07-07,7,500,3,11.45,11.37
Omega,fluazinam,Gla18-38,SB11,2023-06-30,2023-07-07,7,1000,1,11.8,11.36
Omega,fluazinam,Gla18-38,SB11,2023-06-30,2023-07-07,7,1000,2,10.8,10.31
Omega,fluazinam,Gla18-38,SB11,2023-06-30,2023-07-07,7,1000,3,9.11,11.37
Omega,fluazinam,LrwHC-1,SB15,2023-06-30,2023-07-07,7,0,1,84,84
Omega,fluazinam,LrwHC-1,SB15,2023-06-30,2023-07-07,7,0,2,84,84
Omega,fluazinam,LrwHC-1,SB15,2023-06-30,2023-07-07,7,0,3,84,84
Omega,fluazinam,LrwHC-1,SB15,2023-06-30,2023-07-07,7,0.01,1,84,84
Omega,fluazinam,LrwHC-1,SB15,2023-06-30,2023-07-07,7,0.01,2,84,84
Omega,fluazinam,LrwHC-1,SB15,2023-06-30,2023-07-07,7,0.01,3,84,84
Omega,fluazinam,LrwHC-1,SB15,2023-06-30,2023-07-07,7,0.1,1,52.34,51.21
Omega,fluazinam,LrwHC-1,SB15,2023-06-30,2023-07-07,7,0.1,2,49.03,48.96
Omega,fluazinam,LrwHC-1,SB15,2023-06-30,2023-07-07,7,0.1,3,45.14,45.26
Omega,fluazinam,LrwHC-1,SB15,2023-06-30,2023-07-07,7,1,1,22.97,22.22
Omega,fluazinam,LrwHC-1,SB15,2023-06-30,2023-07-07,7,1,2,17.84,16.66
Omega,fluazinam,LrwHC-1,SB15,2023-06-30,2023-07-07,7,1,3,19.53,18.15
Omega,fluazinam,LrwHC-1,SB15,2023-06-30,2023-07-07,7,10,1,0,0
Omega,fluazinam,LrwHC-1,SB15,2023-06-30,2023-07-07,7,10,2,0,0
Omega,fluazinam,LrwHC-1,SB15,2023-06-30,2023-07-07,7,10,3,12.38,13.25
Omega,fluazinam,LrwHC-1,SB15,2023-06-30,2023-07-07,7,100,1,13.95,12.89
Omega,fluazinam,LrwHC-1,SB15,2023-06-30,2023-07-07,7,100,2,13.5,13.1
Omega,fluazinam,LrwHC-1,SB15,2023-06-30,2023-07-07,7,100,3,14.62,14.23
Omega,fluazinam,LrwHC-1,SB15,2023-06-30,2023-07-07,7,500,1,0,0
Omega,fluazinam,LrwHC-1,SB15,2023-06-30,2023-07-07,7,500,2,0,0
Omega,fluazinam,LrwHC-1,SB15,2023-06-30,2023-07-07,7,500,3,0,0
Omega,fluazinam,LrwHC-1,SB15,2023-06-30,2023-07-07,7,1000,1,8.79,7.53
Omega,fluazinam,LrwHC-1,SB15,2023-06-30,2023-07-07,7,1000,2,0,0
Omega,fluazinam,LrwHC-1,SB15,2023-06-30,2023-07-07,7,1000,3,0,0
Topsin-M,Thiophanate-methyl,GD-16-1,SB1,2023-07-06,2023-07-13,7,0,1,84,84
Topsin-M,Thiophanate-methyl,GD-16-1,SB1,2023-07-06,2023-07-13,7,0,2,84,84
Topsin-M,Thiophanate-methyl,GD-16-1,SB1,2023-07-06,2023-07-13,7,0,3,84,84
Topsin-M,Thiophanate-methyl,GD-16-1,SB1,2023-07-06,2023-07-13,7,0.01,1,84,84
Topsin-M,Thiophanate-methyl,GD-16-1,SB1,2023-07-06,2023-07-13,7,0.01,2,84,84
Topsin-M,Thiophanate-methyl,GD-16-1,SB1,2023-07-06,2023-07-13,7,0.01,3,84,84
Topsin-M,Thiophanate-methyl,GD-16-1,SB1,2023-07-06,2023-07-13,7,0.1,1,84,84
Topsin-M,Thiophanate-methyl,GD-16-1,SB1,2023-07-06,2023-07-13,7,0.1,2,84,84
Topsin-M,Thiophanate-methyl,GD-16-1,SB1,2023-07-06,2023-07-13,7,0.1,3,84,84
Topsin-M,Thiophanate-methyl,GD-16-1,SB1,2023-07-06,2023-07-13,7,1,1,84,84
Topsin-M,Thiophanate-methyl,GD-16-1,SB1,2023-07-06,2023-07-13,7,1,2,84,84
Topsin-M,Thiophanate-methyl,GD-16-1,SB1,2023-07-06,2023-07-13,7,1,3,84,84
Topsin-M,Thiophanate-methyl,GD-16-1,SB1,2023-07-06,2023-07-13,7,10,1,84,84
Topsin-M,Thiophanate-methyl,GD-16-1,SB1,2023-07-06,2023-07-13,7,10,2,84,84
Topsin-M,Thiophanate-methyl,GD-16-1,SB1,2023-07-06,2023-07-13,7,10,3,84,84
Topsin-M,Thiophanate-methyl,GD-16-1,SB1,2023-07-06,2023-07-13,7,100,1,38.28,38.56
Topsin-M,Thiophanate-methyl,GD-16-1,SB1,2023-07-06,2023-07-13,7,100,2,40.68,33.54
Topsin-M,Thiophanate-methyl,GD-16-1,SB1,2023-07-06,2023-07-13,7,100,3,46.16,43.38
Topsin-M,Thiophanate-methyl,GD-16-1,SB1,2023-07-06,2023-07-13,7,500,1,84,84
Topsin-M,Thiophanate-methyl,GD-16-1,SB1,2023-07-06,2023-07-13,7,500,2,84,84
Topsin-M,Thiophanate-methyl,GD-16-1,SB1,2023-07-06,2023-07-13,7,500,3,66.49,82.1
Topsin-M,Thiophanate-methyl,GD-16-1,SB1,2023-07-06,2023-07-13,7,1000,1,84,84
Topsin-M,Thiophanate-methyl,GD-16-1,SB1,2023-07-06,2023-07-13,7,1000,2,84,84
Topsin-M,Thiophanate-methyl,GD-16-1,SB1,2023-07-06,2023-07-13,7,1000,3,84,84
Topsin-M,Thiophanate-methyl,Gla18-38,SB11,2023-07-06,2023-07-13,7,0,1,84,84
Topsin-M,Thiophanate-methyl,Gla18-38,SB11,2023-07-06,2023-07-13,7,0,2,84,84
Topsin-M,Thiophanate-methyl,Gla18-38,SB11,2023-07-06,2023-07-13,7,0,3,82.84,79.39
Topsin-M,Thiophanate-methyl,Gla18-38,SB11,2023-07-06,2023-07-13,7,0.01,1,84,84
Topsin-M,Thiophanate-methyl,Gla18-38,SB11,2023-07-06,2023-07-13,7,0.01,2,84,84
Topsin-M,Thiophanate-methyl,Gla18-38,SB11,2023-07-06,2023-07-13,7,0.01,3,78.92,82.36
Topsin-M,Thiophanate-methyl,Gla18-38,SB11,2023-07-06,2023-07-13,7,0.1,1,82.12,83.41
Topsin-M,Thiophanate-methyl,Gla18-38,SB11,2023-07-06,2023-07-13,7,0.1,2,84,84
Topsin-M,Thiophanate-methyl,Gla18-38,SB11,2023-07-06,2023-07-13,7,0.1,3,77.43,77.02
Topsin-M,Thiophanate-methyl,Gla18-38,SB11,2023-07-06,2023-07-13,7,1,1,81.05,81
Topsin-M,Thiophanate-methyl,Gla18-38,SB11,2023-07-06,2023-07-13,7,1,2,79.8,79.91
Topsin-M,Thiophanate-methyl,Gla18-38,SB11,2023-07-06,2023-07-13,7,1,3,78.51,81.63
Topsin-M,Thiophanate-methyl,Gla18-38,SB11,2023-07-06,2023-07-13,7,10,1,84,84
Topsin-M,Thiophanate-methyl,Gla18-38,SB11,2023-07-06,2023-07-13,7,10,2,84,84
Topsin-M,Thiophanate-methyl,Gla18-38,SB11,2023-07-06,2023-07-13,7,10,3,84,84
Topsin-M,Thiophanate-methyl,Gla18-38,SB11,2023-07-06,2023-07-13,7,100,1,0,0
Topsin-M,Thiophanate-methyl,Gla18-38,SB11,2023-07-06,2023-07-13,7,100,2,5.94,4.88
Topsin-M,Thiophanate-methyl,Gla18-38,SB11,2023-07-06,2023-07-13,7,100,3,5.97,5.81
Topsin-M,Thiophanate-methyl,Gla18-38,SB11,2023-07-06,2023-07-13,7,500,1,21.1,24.97
Topsin-M,Thiophanate-methyl,Gla18-38,SB11,2023-07-06,2023-07-13,7,500,2,6.42,7.38
Topsin-M,Thiophanate-methyl,Gla18-38,SB11,2023-07-06,2023-07-13,7,500,3,16.84,16.91
Topsin-M,Thiophanate-methyl,Gla18-38,SB11,2023-07-06,2023-07-13,7,1000,1,0,0
Topsin-M,Thiophanate-methyl,Gla18-38,SB11,2023-07-06,2023-07-13,7,1000,2,0,0
Topsin-M,Thiophanate-methyl,Gla18-38,SB11,2023-07-06,2023-07-13,7,1000,3,7.73,10.37
Topsin-M,Thiophanate-methyl,LrwHC-1,SB15,2023-07-06,2023-07-13,7,0,1,84,84
Topsin-M,Thiophanate-methyl,LrwHC-1,SB15,2023-07-06,2023-07-13,7,0,2,84,84
Topsin-M,Thiophanate-methyl,LrwHC-1,SB15,2023-07-06,2023-07-13,7,0,3,84,84
Topsin-M,Thiophanate-methyl,LrwHC-1,SB15,2023-07-06,2023-07-13,7,0.01,1,84,84
Topsin-M,Thiophanate-methyl,LrwHC-1,SB15,2023-07-06,2023-07-13,7,0.01,2,84,84
Topsin-M,Thiophanate-methyl,LrwHC-1,SB15,2023-07-06,2023-07-13,7,0.01,3,84,84
Topsin-M,Thiophanate-methyl,LrwHC-1,SB15,2023-07-06,2023-07-13,7,0.1,1,84,84
Topsin-M,Thiophanate-methyl,LrwHC-1,SB15,2023-07-06,2023-07-13,7,0.1,2,84,84
Topsin-M,Thiophanate-methyl,LrwHC-1,SB15,2023-07-06,2023-07-13,7,0.1,3,50.84,39.68
Topsin-M,Thiophanate-methyl,LrwHC-1,SB15,2023-07-06,2023-07-13,7,1,1,84,84
Topsin-M,Thiophanate-methyl,LrwHC-1,SB15,2023-07-06,2023-07-13,7,1,2,84,84
Topsin-M,Thiophanate-methyl,LrwHC-1,SB15,2023-07-06,2023-07-13,7,1,3,84,84
Topsin-M,Thiophanate-methyl,LrwHC-1,SB15,2023-07-06,2023-07-13,7,10,1,84,84
Topsin-M,Thiophanate-methyl,LrwHC-1,SB15,2023-07-06,2023-07-13,7,10,2,84,84
Topsin-M,Thiophanate-methyl,LrwHC-1,SB15,2023-07-06,2023-07-13,7,10,3,84,84
Topsin-M,Thiophanate-methyl,LrwHC-1,SB15,2023-07-06,2023-07-13,7,100,1,32.92,27.99
Topsin-M,Thiophanate-methyl,LrwHC-1,SB15,2023-07-06,2023-07-13,7,100,2,44.1,42.88
Topsin-M,Thiophanate-methyl,LrwHC-1,SB15,2023-07-06,2023-07-13,7,100,3,55.25,42.78
Topsin-M,Thiophanate-methyl,LrwHC-1,SB15,2023-07-06,2023-07-13,7,500,1,84,84
Topsin-M,Thiophanate-methyl,LrwHC-1,SB15,2023-07-06,2023-07-13,7,500,2,76.27,83.78
Topsin-M,Thiophanate-methyl,LrwHC-1,SB15,2023-07-06,2023-07-13,7,500,3,84,84
Topsin-M,Thiophanate-methyl,LrwHC-1,SB15,2023-07-06,2023-07-13,7,1000,1,84,84
Topsin-M,Thiophanate-methyl,LrwHC-1,SB15,2023-07-06,2023-07-13,7,1000,2,84,84
Topsin-M,Thiophanate-methyl,LrwHC-1,SB15,2023-07-06,2023-07-13,7,1000,3,84,84
Fontelis,Penthiopyrad,GD-16-1,SB1,2023-07-11,2023-07-18,7,0,1,84,84
Fontelis,Penthiopyrad,GD-16-1,SB1,2023-07-11,2023-07-18,7,0,2,84,84
Fontelis,Penthiopyrad,GD-16-1,SB1,2023-07-11,2023-07-18,7,0,3,84,84
Fontelis,Penthiopyrad,GD-16-1,SB1,2023-07-11,2023-07-18,7,0.01,1,84,84
Fontelis,Penthiopyrad,GD-16-1,SB1,2023-07-11,2023-07-18,7,0.01,2,84,84
Fontelis,Penthiopyrad,GD-16-1,SB1,2023-07-11,2023-07-18,7,0.01,3,84,84
Fontelis,Penthiopyrad,GD-16-1,SB1,2023-07-11,2023-07-18,7,0.1,1,83.74,81.61
Fontelis,Penthiopyrad,GD-16-1,SB1,2023-07-11,2023-07-18,7,0.1,2,80,81.05
Fontelis,Penthiopyrad,GD-16-1,SB1,2023-07-11,2023-07-18,7,0.1,3,80.81,82.31
Fontelis,Penthiopyrad,GD-16-1,SB1,2023-07-11,2023-07-18,7,1,1,51.6,44.83
Fontelis,Penthiopyrad,GD-16-1,SB1,2023-07-11,2023-07-18,7,1,2,40.82,38.9
Fontelis,Penthiopyrad,GD-16-1,SB1,2023-07-11,2023-07-18,7,1,3,48.46,45.5
Fontelis,Penthiopyrad,GD-16-1,SB1,2023-07-11,2023-07-18,7,10,1,11.92,11.63
Fontelis,Penthiopyrad,GD-16-1,SB1,2023-07-11,2023-07-18,7,10,2,11.64,10.11
Fontelis,Penthiopyrad,GD-16-1,SB1,2023-07-11,2023-07-18,7,10,3,11,9.83
Fontelis,Penthiopyrad,GD-16-1,SB1,2023-07-11,2023-07-18,7,100,1,8.24,8.95
Fontelis,Penthiopyrad,GD-16-1,SB1,2023-07-11,2023-07-18,7,100,2,9.07,8.13
Fontelis,Penthiopyrad,GD-16-1,SB1,2023-07-11,2023-07-18,7,100,3,7.3,5.87
Fontelis,Penthiopyrad,GD-16-1,SB1,2023-07-11,2023-07-18,7,500,1,6.73,6.35
Fontelis,Penthiopyrad,GD-16-1,SB1,2023-07-11,2023-07-18,7,500,2,7.38,5.34
Fontelis,Penthiopyrad,GD-16-1,SB1,2023-07-11,2023-07-18,7,500,3,7.13,6.72
Fontelis,Penthiopyrad,GD-16-1,SB1,2023-07-11,2023-07-18,7,1000,1,6.75,6.18
Fontelis,Penthiopyrad,GD-16-1,SB1,2023-07-11,2023-07-18,7,1000,2,9.12,6.26
Fontelis,Penthiopyrad,GD-16-1,SB1,2023-07-11,2023-07-18,7,1000,3,5.35,5.85
Fontelis,Penthiopyrad,Gla18-38,SB11,2023-07-11,2023-07-18,7,0,1,84,84
Fontelis,Penthiopyrad,Gla18-38,SB11,2023-07-11,2023-07-18,7,0,2,84,84
Fontelis,Penthiopyrad,Gla18-38,SB11,2023-07-11,2023-07-18,7,0,3,84,84
Fontelis,Penthiopyrad,Gla18-38,SB11,2023-07-11,2023-07-18,7,0.01,1,84,84
Fontelis,Penthiopyrad,Gla18-38,SB11,2023-07-11,2023-07-18,7,0.01,2,84,84
Fontelis,Penthiopyrad,Gla18-38,SB11,2023-07-11,2023-07-18,7,0.01,3,84,84
Fontelis,Penthiopyrad,Gla18-38,SB11,2023-07-11,2023-07-18,7,0.1,1,49.73,48.67
Fontelis,Penthiopyrad,Gla18-38,SB11,2023-07-11,2023-07-18,7,0.1,2,46.6,46.12
Fontelis,Penthiopyrad,Gla18-38,SB11,2023-07-11,2023-07-18,7,0.1,3,45.27,39.71
Fontelis,Penthiopyrad,Gla18-38,SB11,2023-07-11,2023-07-18,7,1,1,6.49,6.14
Fontelis,Penthiopyrad,Gla18-38,SB11,2023-07-11,2023-07-18,7,1,2,6.9,5.75
Fontelis,Penthiopyrad,Gla18-38,SB11,2023-07-11,2023-07-18,7,1,3,6.66,7
Fontelis,Penthiopyrad,Gla18-38,SB11,2023-07-11,2023-07-18,7,10,1,0,0
Fontelis,Penthiopyrad,Gla18-38,SB11,2023-07-11,2023-07-18,7,10,2,0,0
Fontelis,Penthiopyrad,Gla18-38,SB11,2023-07-11,2023-07-18,7,10,3,0,0
Fontelis,Penthiopyrad,Gla18-38,SB11,2023-07-11,2023-07-18,7,100,1,0,0
Fontelis,Penthiopyrad,Gla18-38,SB11,2023-07-11,2023-07-18,7,100,2,0,0
Fontelis,Penthiopyrad,Gla18-38,SB11,2023-07-11,2023-07-18,7,100,3,0,0
Fontelis,Penthiopyrad,Gla18-38,SB11,2023-07-11,2023-07-18,7,500,1,0,0
Fontelis,Penthiopyrad,Gla18-38,SB11,2023-07-11,2023-07-18,7,500,2,0,0
Fontelis,Penthiopyrad,Gla18-38,SB11,2023-07-11,2023-07-18,7,500,3,0,0
Fontelis,Penthiopyrad,Gla18-38,SB11,2023-07-11,2023-07-18,7,1000,1,0,0
Fontelis,Penthiopyrad,Gla18-38,SB11,2023-07-11,2023-07-18,7,1000,2,0,0
Fontelis,Penthiopyrad,Gla18-38,SB11,2023-07-11,2023-07-18,7,1000,3,0,0
Fontelis,Penthiopyrad,LrwHC-1,SB15,2023-07-11,2023-07-18,7,0,1,84,84
Fontelis,Penthiopyrad,LrwHC-1,SB15,2023-07-11,2023-07-18,7,0,2,84,84
Fontelis,Penthiopyrad,LrwHC-1,SB15,2023-07-11,2023-07-18,7,0,3,84,84
Fontelis,Penthiopyrad,LrwHC-1,SB15,2023-07-11,2023-07-18,7,0.01,1,84,84
Fontelis,Penthiopyrad,LrwHC-1,SB15,2023-07-11,2023-07-18,7,0.01,2,84,84
Fontelis,Penthiopyrad,LrwHC-1,SB15,2023-07-11,2023-07-18,7,0.01,3,84,84
Fontelis,Penthiopyrad,LrwHC-1,SB15,2023-07-11,2023-07-18,7,0.1,1,78.65,78.48
Fontelis,Penthiopyrad,LrwHC-1,SB15,2023-07-11,2023-07-18,7,0.1,2,78.12,78.42
Fontelis,Penthiopyrad,LrwHC-1,SB15,2023-07-11,2023-07-18,7,0.1,3,81.5,81.63
Fontelis,Penthiopyrad,LrwHC-1,SB15,2023-07-11,2023-07-18,7,1,1,44.28,43.38
Fontelis,Penthiopyrad,LrwHC-1,SB15,2023-07-11,2023-07-18,7,1,2,43.63,42.76
Fontelis,Penthiopyrad,LrwHC-1,SB15,2023-07-11,2023-07-18,7,1,3,40.15,40.29
Fontelis,Penthiopyrad,LrwHC-1,SB15,2023-07-11,2023-07-18,7,10,1,8.57,9.1
Fontelis,Penthiopyrad,LrwHC-1,SB15,2023-07-11,2023-07-18,7,10,2,9.28,9.22
Fontelis,Penthiopyrad,LrwHC-1,SB15,2023-07-11,2023-07-18,7,10,3,10.03,10.65
Fontelis,Penthiopyrad,LrwHC-1,SB15,2023-07-11,2023-07-18,7,100,1,9.46,8.06
Fontelis,Penthiopyrad,LrwHC-1,SB15,2023-07-11,2023-07-18,7,100,2,9.1,7.78
Fontelis,Penthiopyrad,LrwHC-1,SB15,2023-07-11,2023-07-18,7,100,3,7.48,5.33
Fontelis,Penthiopyrad,LrwHC-1,SB15,2023-07-11,2023-07-18,7,500,1,6.88,7.82
Fontelis,Penthiopyrad,LrwHC-1,SB15,2023-07-11,2023-07-18,7,500,2,6.84,8.58
Fontelis,Penthiopyrad,LrwHC-1,SB15,2023-07-11,2023-07-18,7,500,3,9.57,8.44
Fontelis,Penthiopyrad,LrwHC-1,SB15,2023-07-11,2023-07-18,7,1000,1,6.46,5.82
Fontelis,Penthiopyrad,LrwHC-1,SB15,2023-07-11,2023-07-18,7,1000,2,7.5,5.31
Fontelis,Penthiopyrad,LrwHC-1,SB15,2023-07-11,2023-07-18,7,1000,3,5.4,5.95
Omega,fluazinam,Gla18-38,SB11,2023-07-14,2023-07-21,7,0,1,84,84
Omega,fluazinam,Gla18-38,SB11,2023-07-14,2023-07-21,7,0,2,82.94,81.02
Omega,fluazinam,Gla18-38,SB11,2023-07-14,2023-07-21,7,0,3,84,84
Omega,fluazinam,LrwHC-1,SB15,2023-07-14,2023-07-21,7,10,1,0,0
Omega,fluazinam,LrwHC-1,SB15,2023-07-14,2023-07-21,7,10,2,0,0
Omega,fluazinam,LrwHC-1,SB15,2023-07-14,2023-07-21,7,10,3,11.22,9.64
Omega,fluazinam,LrwHC-1,SB15,2023-07-14,2023-07-21,7,100,1,0,0
Omega,fluazinam,LrwHC-1,SB15,2023-07-14,2023-07-21,7,100,2,5.83,4.93
Omega,fluazinam,LrwHC-1,SB15,2023-07-14,2023-07-21,7,100,3,13.94,14.6
Omega,fluazinam,LrwHC-1,SB15,2023-07-14,2023-07-21,7,500,1,0,0
Omega,fluazinam,LrwHC-1,SB15,2023-07-14,2023-07-21,7,500,2,0,0
Omega,fluazinam,LrwHC-1,SB15,2023-07-14,2023-07-21,7,500,3,0,0
Omega,fluazinam,LrwHC-1,SB15,2023-07-14,2023-07-21,7,1000,1,0,0
Omega,fluazinam,LrwHC-1,SB15,2023-07-14,2023-07-21,7,1000,2,0,0
Omega,fluazinam,LrwHC-1,SB15,2023-07-14,2023-07-21,7,1000,3,10.2,17.3
Topsin-M + Chl,Thiophanate-methyl,GD-16-1,SB1,2023-07-14,2023-07-21,7,0,1,84,84
Topsin-M + Chl,Thiophanate-methyl,GD-16-1,SB1,2023-07-14,2023-07-21,7,0,2,84,84
Topsin-M + Chl,Thiophanate-methyl,GD-16-1,SB1,2023-07-14,2023-07-21,7,0,3,84,84
Topsin-M + Chl,Thiophanate-methyl,GD-16-1,SB1,2023-07-14,2023-07-21,7,0.01,1,84,84
Topsin-M + Chl,Thiophanate-methyl,GD-16-1,SB1,2023-07-14,2023-07-21,7,0.01,2,84,84
Topsin-M + Chl,Thiophanate-methyl,GD-16-1,SB1,2023-07-14,2023-07-21,7,0.01,3,84,84
Topsin-M + Chl,Thiophanate-methyl,GD-16-1,SB1,2023-07-14,2023-07-21,7,0.1,1,84,84
Topsin-M + Chl,Thiophanate-methyl,GD-16-1,SB1,2023-07-14,2023-07-21,7,0.1,2,84,84
Topsin-M + Chl,Thiophanate-methyl,GD-16-1,SB1,2023-07-14,2023-07-21,7,0.1,3,84,84
Topsin-M + Chl,Thiophanate-methyl,GD-16-1,SB1,2023-07-14,2023-07-21,7,1,1,84,84
Topsin-M + Chl,Thiophanate-methyl,GD-16-1,SB1,2023-07-14,2023-07-21,7,1,2,84,84
Topsin-M + Chl,Thiophanate-methyl,GD-16-1,SB1,2023-07-14,2023-07-21,7,1,3,84,84
Topsin-M + Chl,Thiophanate-methyl,GD-16-1,SB1,2023-07-14,2023-07-21,7,10,1,84,84
Topsin-M + Chl,Thiophanate-methyl,GD-16-1,SB1,2023-07-14,2023-07-21,7,10,2,84,84
Topsin-M + Chl,Thiophanate-methyl,GD-16-1,SB1,2023-07-14,2023-07-21,7,10,3,84,84
Topsin-M + Chl,Thiophanate-methyl,GD-16-1,SB1,2023-07-14,2023-07-21,7,100,1,84,84
Topsin-M + Chl,Thiophanate-methyl,GD-16-1,SB1,2023-07-14,2023-07-21,7,100,2,84,84
Topsin-M + Chl,Thiophanate-methyl,GD-16-1,SB1,2023-07-14,2023-07-21,7,100,3,84,84
Topsin-M + Chl,Thiophanate-methyl,GD-16-1,SB1,2023-07-14,2023-07-21,7,500,1,84,84
Topsin-M + Chl,Thiophanate-methyl,GD-16-1,SB1,2023-07-14,2023-07-21,7,500,2,84,84
Topsin-M + Chl,Thiophanate-methyl,GD-16-1,SB1,2023-07-14,2023-07-21,7,500,3,84,84
Topsin-M + Chl,Thiophanate-methyl,GD-16-1,SB1,2023-07-14,2023-07-21,7,1000,1,84,84
Topsin-M + Chl,Thiophanate-methyl,GD-16-1,SB1,2023-07-14,2023-07-21,7,1000,2,84,84
Topsin-M + Chl,Thiophanate-methyl,GD-16-1,SB1,2023-07-14,2023-07-21,7,1000,3,84,84
Topsin-M + Chl,Thiophanate-methyl,Gla18-38,SB11,2023-07-14,2023-07-21,7,0,1,84,84
Topsin-M + Chl,Thiophanate-methyl,Gla18-38,SB11,2023-07-14,2023-07-21,7,0,2,84,84
Topsin-M + Chl,Thiophanate-methyl,Gla18-38,SB11,2023-07-14,2023-07-21,7,0,3,84,84
Topsin-M + Chl,Thiophanate-methyl,Gla18-38,SB11,2023-07-14,2023-07-21,7,0.01,1,84,84
Topsin-M + Chl,Thiophanate-methyl,Gla18-38,SB11,2023-07-14,2023-07-21,7,0.01,2,84,84
Topsin-M + Chl,Thiophanate-methyl,Gla18-38,SB11,2023-07-14,2023-07-21,7,0.01,3,84,84
Topsin-M + Chl,Thiophanate-methyl,Gla18-38,SB11,2023-07-14,2023-07-21,7,0.1,1,84,84
Topsin-M + Chl,Thiophanate-methyl,Gla18-38,SB11,2023-07-14,2023-07-21,7,0.1,2,80.52,81.8
Topsin-M + Chl,Thiophanate-methyl,Gla18-38,SB11,2023-07-14,2023-07-21,7,0.1,3,81.75,82.82
Topsin-M + Chl,Thiophanate-methyl,Gla18-38,SB11,2023-07-14,2023-07-21,7,1,1,81.6,84
Topsin-M + Chl,Thiophanate-methyl,Gla18-38,SB11,2023-07-14,2023-07-21,7,1,2,84,84
Topsin-M + Chl,Thiophanate-methyl,Gla18-38,SB11,2023-07-14,2023-07-21,7,1,3,81.64,80.97
Topsin-M + Chl,Thiophanate-methyl,Gla18-38,SB11,2023-07-14,2023-07-21,7,10,1,58.04,56.9
Topsin-M + Chl,Thiophanate-methyl,Gla18-38,SB11,2023-07-14,2023-07-21,7,10,2,76.56,63.24
Topsin-M + Chl,Thiophanate-methyl,Gla18-38,SB11,2023-07-14,2023-07-21,7,10,3,60.93,56.72
Topsin-M + Chl,Thiophanate-methyl,Gla18-38,SB11,2023-07-14,2023-07-21,7,100,1,30.45,25.72
Topsin-M + Chl,Thiophanate-methyl,Gla18-38,SB11,2023-07-14,2023-07-21,7,100,2,37.76,35.69
Topsin-M + Chl,Thiophanate-methyl,Gla18-38,SB11,2023-07-14,2023-07-21,7,100,3,26.48,20.18
Topsin-M + Chl,Thiophanate-methyl,Gla18-38,SB11,2023-07-14,2023-07-21,7,500,1,8.46,10.27
Topsin-M + Chl,Thiophanate-methyl,Gla18-38,SB11,2023-07-14,2023-07-21,7,500,2,21.36,14.2
Topsin-M + Chl,Thiophanate-methyl,Gla18-38,SB11,2023-07-14,2023-07-21,7,500,3,11.73,13.7
Topsin-M + Chl,Thiophanate-methyl,Gla18-38,SB11,2023-07-14,2023-07-21,7,1000,1,10.16,9.73
Topsin-M + Chl,Thiophanate-methyl,Gla18-38,SB11,2023-07-14,2023-07-21,7,1000,2,5.54,5.76
Topsin-M + Chl,Thiophanate-methyl,Gla18-38,SB11,2023-07-14,2023-07-21,7,1000,3,8.54,7.71
Topsin-M + Chl,Thiophanate-methyl,LrwHC-1,SB15,2023-07-14,2023-07-21,7,0,1,84,84
Topsin-M + Chl,Thiophanate-methyl,LrwHC-1,SB15,2023-07-14,2023-07-21,7,0,2,84,84
Topsin-M + Chl,Thiophanate-methyl,LrwHC-1,SB15,2023-07-14,2023-07-21,7,0,3,84,84
Topsin-M + Chl,Thiophanate-methyl,LrwHC-1,SB15,2023-07-14,2023-07-21,7,0.01,1,84,84
Topsin-M + Chl,Thiophanate-methyl,LrwHC-1,SB15,2023-07-14,2023-07-21,7,0.01,2,84,84
Topsin-M + Chl,Thiophanate-methyl,LrwHC-1,SB15,2023-07-14,2023-07-21,7,0.01,3,84,84
Topsin-M + Chl,Thiophanate-methyl,LrwHC-1,SB15,2023-07-14,2023-07-21,7,0.1,1,84,84
Topsin-M + Chl,Thiophanate-methyl,LrwHC-1,SB15,2023-07-14,2023-07-21,7,0.1,2,84,84
Topsin-M + Chl,Thiophanate-methyl,LrwHC-1,SB15,2023-07-14,2023-07-21,7,0.1,3,84,84
Topsin-M + Chl,Thiophanate-methyl,LrwHC-1,SB15,2023-07-14,2023-07-21,7,1,1,84,84
Topsin-M + Chl,Thiophanate-methyl,LrwHC-1,SB15,2023-07-14,2023-07-21,7,1,2,84,84
Topsin-M + Chl,Thiophanate-methyl,LrwHC-1,SB15,2023-07-14,2023-07-21,7,1,3,84,84
Topsin-M + Chl,Thiophanate-methyl,LrwHC-1,SB15,2023-07-14,2023-07-21,7,10,1,76.96,79.44
Topsin-M + Chl,Thiophanate-methyl,LrwHC-1,SB15,2023-07-14,2023-07-21,7,10,2,78.74,79.56
Topsin-M + Chl,Thiophanate-methyl,LrwHC-1,SB15,2023-07-14,2023-07-21,7,10,3,80.11,80
Topsin-M + Chl,Thiophanate-methyl,LrwHC-1,SB15,2023-07-14,2023-07-21,7,100,1,84,84
Topsin-M + Chl,Thiophanate-methyl,LrwHC-1,SB15,2023-07-14,2023-07-21,7,100,2,84,84
Topsin-M + Chl,Thiophanate-methyl,LrwHC-1,SB15,2023-07-14,2023-07-21,7,100,3,84,84
Topsin-M + Chl,Thiophanate-methyl,LrwHC-1,SB15,2023-07-14,2023-07-21,7,500,1,84,84
Topsin-M + Chl,Thiophanate-methyl,LrwHC-1,SB15,2023-07-14,2023-07-21,7,500,2,84,84
Topsin-M + Chl,Thiophanate-methyl,LrwHC-1,SB15,2023-07-14,2023-07-21,7,500,3,84,84
Topsin-M + Chl,Thiophanate-methyl,LrwHC-1,SB15,2023-07-14,2023-07-21,7,1000,1,84,84
Topsin-M + Chl,Thiophanate-methyl,LrwHC-1,SB15,2023-07-14,2023-07-21,7,1000,2,84,84
Topsin-M + Chl,Thiophanate-methyl,LrwHC-1,SB15,2023-07-14,2023-07-21,7,1000,3,84,84
Inspire,Difenoconazole ,GD-16-1,SB1,2023-07-24,2023-07-31,7,0,1,84,84
Inspire,Difenoconazole ,GD-16-1,SB1,2023-07-24,2023-07-31,7,0,2,84,84
Inspire,Difenoconazole ,GD-16-1,SB1,2023-07-24,2023-07-31,7,0,3,84,84
Inspire,Difenoconazole ,GD-16-1,SB1,2023-07-24,2023-07-31,7,0.01,1,84,84
Inspire,Difenoconazole ,GD-16-1,SB1,2023-07-24,2023-07-31,7,0.01,2,84,84
Inspire,Difenoconazole ,GD-16-1,SB1,2023-07-24,2023-07-31,7,0.01,3,84,84
Inspire,Difenoconazole ,GD-16-1,SB1,2023-07-24,2023-07-31,7,0.1,1,84,84
Inspire,Difenoconazole ,GD-16-1,SB1,2023-07-24,2023-07-31,7,0.1,2,84,84
Inspire,Difenoconazole ,GD-16-1,SB1,2023-07-24,2023-07-31,7,0.1,3,84,84
Inspire,Difenoconazole ,GD-16-1,SB1,2023-07-24,2023-07-31,7,1,1,27.14,17.92
Inspire,Difenoconazole ,GD-16-1,SB1,2023-07-24,2023-07-31,7,1,2,21.54,23.87
Inspire,Difenoconazole ,GD-16-1,SB1,2023-07-24,2023-07-31,7,1,3,26.9,25.64
Inspire,Difenoconazole ,GD-16-1,SB1,2023-07-24,2023-07-31,7,10,1,0,0
Inspire,Difenoconazole ,GD-16-1,SB1,2023-07-24,2023-07-31,7,10,2,5.24,4.98
Inspire,Difenoconazole ,GD-16-1,SB1,2023-07-24,2023-07-31,7,10,3,0,0
Inspire,Difenoconazole ,GD-16-1,SB1,2023-07-24,2023-07-31,7,100,1,0,0
Inspire,Difenoconazole ,GD-16-1,SB1,2023-07-24,2023-07-31,7,100,2,0,0
Inspire,Difenoconazole ,GD-16-1,SB1,2023-07-24,2023-07-31,7,100,3,0,0
Inspire,Difenoconazole ,GD-16-1,SB1,2023-07-24,2023-07-31,7,500,1,0,0
Inspire,Difenoconazole ,GD-16-1,SB1,2023-07-24,2023-07-31,7,500,2,0,0
Inspire,Difenoconazole ,GD-16-1,SB1,2023-07-24,2023-07-31,7,500,3,0,0
Inspire,Difenoconazole ,GD-16-1,SB1,2023-07-24,2023-07-31,7,1000,1,0,0
Inspire,Difenoconazole ,GD-16-1,SB1,2023-07-24,2023-07-31,7,1000,2,0,0
Inspire,Difenoconazole ,GD-16-1,SB1,2023-07-24,2023-07-31,7,1000,3,0,0
Inspire,Difenoconazole ,Gla18-38,SB11,2023-07-24,2023-07-31,7,0,1,46.84,49.16
Inspire,Difenoconazole ,Gla18-38,SB11,2023-07-24,2023-07-31,7,0,2,68.01,69.47
Inspire,Difenoconazole ,Gla18-38,SB11,2023-07-24,2023-07-31,7,0,3,32.6,31.21
Inspire,Difenoconazole ,Gla18-38,SB11,2023-07-24,2023-07-31,7,0.01,1,11.29,10.33
Inspire,Difenoconazole ,Gla18-38,SB11,2023-07-24,2023-07-31,7,0.01,2,13.13,12.68
Inspire,Difenoconazole ,Gla18-38,SB11,2023-07-24,2023-07-31,7,0.01,3,11.95,11.2
Inspire,Difenoconazole ,Gla18-38,SB11,2023-07-24,2023-07-31,7,0.1,1,5.49,4.25
Inspire,Difenoconazole ,Gla18-38,SB11,2023-07-24,2023-07-31,7,0.1,2,4.17,4.49
Inspire,Difenoconazole ,Gla18-38,SB11,2023-07-24,2023-07-31,7,0.1,3,0,0
Inspire,Difenoconazole ,Gla18-38,SB11,2023-07-24,2023-07-31,7,1,1,0,0
Inspire,Difenoconazole ,Gla18-38,SB11,2023-07-24,2023-07-31,7,1,2,0,0
Inspire,Difenoconazole ,Gla18-38,SB11,2023-07-24,2023-07-31,7,1,3,0,0
Inspire,Difenoconazole ,Gla18-38,SB11,2023-07-24,2023-07-31,7,10,1,0,0
Inspire,Difenoconazole ,Gla18-38,SB11,2023-07-24,2023-07-31,7,10,2,0,0
Inspire,Difenoconazole ,Gla18-38,SB11,2023-07-24,2023-07-31,7,10,3,0,0
Inspire,Difenoconazole ,Gla18-38,SB11,2023-07-24,2023-07-31,7,100,1,0,0
Inspire,Difenoconazole ,Gla18-38,SB11,2023-07-24,2023-07-31,7,100,2,0,0
Inspire,Difenoconazole ,Gla18-38,SB11,2023-07-24,2023-07-31,7,100,3,0,0
Inspire,Difenoconazole ,Gla18-38,SB11,2023-07-24,2023-07-31,7,500,1,0,0
Inspire,Difenoconazole ,Gla18-38,SB11,2023-07-24,2023-07-31,7,500,2,0,0
Inspire,Difenoconazole ,Gla18-38,SB11,2023-07-24,2023-07-31,7,500,3,0,0
Inspire,Difenoconazole ,Gla18-38,SB11,2023-07-24,2023-07-31,7,1000,1,0,0
Inspire,Difenoconazole ,Gla18-38,SB11,2023-07-24,2023-07-31,7,1000,2,0,0
Inspire,Difenoconazole ,Gla18-38,SB11,2023-07-24,2023-07-31,7,1000,3,0,0
Inspire,Difenoconazole ,LrwHC-1,SB15,2023-07-24,2023-07-31,7,0,1,84,84
Inspire,Difenoconazole ,LrwHC-1,SB15,2023-07-24,2023-07-31,7,0,2,84,84
Inspire,Difenoconazole ,LrwHC-1,SB15,2023-07-24,2023-07-31,7,0,3,84,84
Inspire,Difenoconazole ,LrwHC-1,SB15,2023-07-24,2023-07-31,7,0.01,1,84,84
Inspire,Difenoconazole ,LrwHC-1,SB15,2023-07-24,2023-07-31,7,0.01,2,84,84
Inspire,Difenoconazole ,LrwHC-1,SB15,2023-07-24,2023-07-31,7,0.01,3,84,84
Inspire,Difenoconazole ,LrwHC-1,SB15,2023-07-24,2023-07-31,7,0.1,1,84,84
Inspire,Difenoconazole ,LrwHC-1,SB15,2023-07-24,2023-07-31,7,0.1,2,84,84
Inspire,Difenoconazole ,LrwHC-1,SB15,2023-07-24,2023-07-31,7,0.1,3,84,84
Inspire,Difenoconazole ,LrwHC-1,SB15,2023-07-24,2023-07-31,7,1,1,41.77,34.79
Inspire,Difenoconazole ,LrwHC-1,SB15,2023-07-24,2023-07-31,7,1,2,38.35,38.65
Inspire,Difenoconazole ,LrwHC-1,SB15,2023-07-24,2023-07-31,7,1,3,27.02,24.73
Inspire,Difenoconazole ,LrwHC-1,SB15,2023-07-24,2023-07-31,7,10,1,0,0
Inspire,Difenoconazole ,LrwHC-1,SB15,2023-07-24,2023-07-31,7,10,2,0,0
Inspire,Difenoconazole ,LrwHC-1,SB15,2023-07-24,2023-07-31,7,10,3,5.49,4.43
Inspire,Difenoconazole ,LrwHC-1,SB15,2023-07-24,2023-07-31,7,100,1,19.51,15.62
Inspire,Difenoconazole ,LrwHC-1,SB15,2023-07-24,2023-07-31,7,100,2,23.39,22.07
Inspire,Difenoconazole ,LrwHC-1,SB15,2023-07-24,2023-07-31,7,100,3,0,0
Inspire,Difenoconazole ,LrwHC-1,SB15,2023-07-24,2023-07-31,7,500,1,0,0
Inspire,Difenoconazole ,LrwHC-1,SB15,2023-07-24,2023-07-31,7,500,2,0,0
Inspire,Difenoconazole ,LrwHC-1,SB15,2023-07-24,2023-07-31,7,500,3,0,0
Inspire,Difenoconazole ,LrwHC-1,SB15,2023-07-24,2023-07-31,7,1000,1,0,0
Inspire,Difenoconazole ,LrwHC-1,SB15,2023-07-24,2023-07-31,7,1000,2,0,0
Inspire,Difenoconazole ,LrwHC-1,SB15,2023-07-24,2023-07-31,7,1000,3,0,0
Aprovia,Benzovindiflupyr,GD-16-1,SB1,2023-07-27,2023-08-03,7,0,1,84,84
Aprovia,Benzovindiflupyr,GD-16-1,SB1,2023-07-27,2023-08-03,7,0,2,84,84
Aprovia,Benzovindiflupyr,GD-16-1,SB1,2023-07-27,2023-08-03,7,0,3,84,84
Aprovia,Benzovindiflupyr,GD-16-1,SB1,2023-07-27,2023-08-03,7,0.01,1,83.93,82.32
Aprovia,Benzovindiflupyr,GD-16-1,SB1,2023-07-27,2023-08-03,7,0.01,2,79.03,80.93
Aprovia,Benzovindiflupyr,GD-16-1,SB1,2023-07-27,2023-08-03,7,0.01,3,84,84
Aprovia,Benzovindiflupyr,GD-16-1,SB1,2023-07-27,2023-08-03,7,0.1,1,67.49,72.97
Aprovia,Benzovindiflupyr,GD-16-1,SB1,2023-07-27,2023-08-03,7,0.1,2,76.78,75.03
Aprovia,Benzovindiflupyr,GD-16-1,SB1,2023-07-27,2023-08-03,7,0.1,3,73.91,72.24
Aprovia,Benzovindiflupyr,GD-16-1,SB1,2023-07-27,2023-08-03,7,1,1,19.83,19.24
Aprovia,Benzovindiflupyr,GD-16-1,SB1,2023-07-27,2023-08-03,7,1,2,11.55,10.34
Aprovia,Benzovindiflupyr,GD-16-1,SB1,2023-07-27,2023-08-03,7,1,3,15.57,13.35
Aprovia,Benzovindiflupyr,GD-16-1,SB1,2023-07-27,2023-08-03,7,10,1,8.1,6.6
Aprovia,Benzovindiflupyr,GD-16-1,SB1,2023-07-27,2023-08-03,7,10,2,10.84,6.19
Aprovia,Benzovindiflupyr,GD-16-1,SB1,2023-07-27,2023-08-03,7,10,3,7.17,7.82
Aprovia,Benzovindiflupyr,GD-16-1,SB1,2023-07-27,2023-08-03,7,100,1,5.51,5.8
Aprovia,Benzovindiflupyr,GD-16-1,SB1,2023-07-27,2023-08-03,7,100,2,6.27,5.62
Aprovia,Benzovindiflupyr,GD-16-1,SB1,2023-07-27,2023-08-03,7,100,3,5.67,5.87
Aprovia,Benzovindiflupyr,GD-16-1,SB1,2023-07-27,2023-08-03,7,500,1,,
Aprovia,Benzovindiflupyr,GD-16-1,SB1,2023-07-27,2023-08-03,7,500,2,,
Aprovia,Benzovindiflupyr,GD-16-1,SB1,2023-07-27,2023-08-03,7,500,3,,
Aprovia,Benzovindiflupyr,GD-16-1,SB1,2023-07-27,2023-08-03,7,1000,1,,
Aprovia,Benzovindiflupyr,GD-16-1,SB1,2023-07-27,2023-08-03,7,1000,2,,
Aprovia,Benzovindiflupyr,GD-16-1,SB1,2023-07-27,2023-08-03,7,1000,3,,
Aprovia,Benzovindiflupyr,Gla18-38,SB11,2023-07-27,2023-08-03,7,0,1,74.85,75.46
Aprovia,Benzovindiflupyr,Gla18-38,SB11,2023-07-27,2023-08-03,7,0,2,82.51,79.41
Aprovia,Benzovindiflupyr,Gla18-38,SB11,2023-07-27,2023-08-03,7,0,3,83.78,83.08
Aprovia,Benzovindiflupyr,Gla18-38,SB11,2023-07-27,2023-08-03,7,0.01,1,10.51,10.83
Aprovia,Benzovindiflupyr,Gla18-38,SB11,2023-07-27,2023-08-03,7,0.01,2,9.16,10.07
Aprovia,Benzovindiflupyr,Gla18-38,SB11,2023-07-27,2023-08-03,7,0.01,3,10.31,13.35
Aprovia,Benzovindiflupyr,Gla18-38,SB11,2023-07-27,2023-08-03,7,0.1,1,0,0
Aprovia,Benzovindiflupyr,Gla18-38,SB11,2023-07-27,2023-08-03,7,0.1,2,14.03,12.86
Aprovia,Benzovindiflupyr,Gla18-38,SB11,2023-07-27,2023-08-03,7,0.1,3,0,0
Aprovia,Benzovindiflupyr,Gla18-38,SB11,2023-07-27,2023-08-03,7,1,1,0,0
Aprovia,Benzovindiflupyr,Gla18-38,SB11,2023-07-27,2023-08-03,7,1,2,0,0
Aprovia,Benzovindiflupyr,Gla18-38,SB11,2023-07-27,2023-08-03,7,1,3,0,0
Aprovia,Benzovindiflupyr,Gla18-38,SB11,2023-07-27,2023-08-03,7,10,1,0,0
Aprovia,Benzovindiflupyr,Gla18-38,SB11,2023-07-27,2023-08-03,7,10,2,0,0
Aprovia,Benzovindiflupyr,Gla18-38,SB11,2023-07-27,2023-08-03,7,10,3,0,0
Aprovia,Benzovindiflupyr,Gla18-38,SB11,2023-07-27,2023-08-03,7,100,1,0,0
Aprovia,Benzovindiflupyr,Gla18-38,SB11,2023-07-27,2023-08-03,7,100,2,0,0
Aprovia,Benzovindiflupyr,Gla18-38,SB11,2023-07-27,2023-08-03,7,100,3,0,0
Aprovia,Benzovindiflupyr,Gla18-38,SB11,2023-07-27,2023-08-03,7,500,1,0,0
Aprovia,Benzovindiflupyr,Gla18-38,SB11,2023-07-27,2023-08-03,7,500,2,0,0
Aprovia,Benzovindiflupyr,Gla18-38,SB11,2023-07-27,2023-08-03,7,500,3,0,0
Aprovia,Benzovindiflupyr,Gla18-38,SB11,2023-07-27,2023-08-03,7,1000,1,0,0
Aprovia,Benzovindiflupyr,Gla18-38,SB11,2023-07-27,2023-08-03,7,1000,2,0,0
Aprovia,Benzovindiflupyr,Gla18-38,SB11,2023-07-27,2023-08-03,7,1000,3,0,0
Aprovia,Benzovindiflupyr,LrwHC-1,SB15,2023-07-27,2023-08-03,7,0,1,84,84
Aprovia,Benzovindiflupyr,LrwHC-1,SB15,2023-07-27,2023-08-03,7,0,2,84,84
Aprovia,Benzovindiflupyr,LrwHC-1,SB15,2023-07-27,2023-08-03,7,0,3,75.81,72.48
Aprovia,Benzovindiflupyr,LrwHC-1,SB15,2023-07-27,2023-08-03,7,0.01,1,80.43,74.07
Aprovia,Benzovindiflupyr,LrwHC-1,SB15,2023-07-27,2023-08-03,7,0.01,2,71.52,64.13
Aprovia,Benzovindiflupyr,LrwHC-1,SB15,2023-07-27,2023-08-03,7,0.01,3,80.52,79.49
Aprovia,Benzovindiflupyr,LrwHC-1,SB15,2023-07-27,2023-08-03,7,0.1,1,53.34,49.29
Aprovia,Benzovindiflupyr,LrwHC-1,SB15,2023-07-27,2023-08-03,7,0.1,2,55.95,56.2
Aprovia,Benzovindiflupyr,LrwHC-1,SB15,2023-07-27,2023-08-03,7,0.1,3,56.76,48.55
Aprovia,Benzovindiflupyr,LrwHC-1,SB15,2023-07-27,2023-08-03,7,1,1,15.47,15.87
Aprovia,Benzovindiflupyr,LrwHC-1,SB15,2023-07-27,2023-08-03,7,1,2,13.23,12.42
Aprovia,Benzovindiflupyr,LrwHC-1,SB15,2023-07-27,2023-08-03,7,1,3,14.17,14.14
Aprovia,Benzovindiflupyr,LrwHC-1,SB15,2023-07-27,2023-08-03,7,10,1,10.87,9.72
Aprovia,Benzovindiflupyr,LrwHC-1,SB15,2023-07-27,2023-08-03,7,10,2,8.22,7.62
Aprovia,Benzovindiflupyr,LrwHC-1,SB15,2023-07-27,2023-08-03,7,10,3,10.71,10.75
Aprovia,Benzovindiflupyr,LrwHC-1,SB15,2023-07-27,2023-08-03,7,100,1,,
Aprovia,Benzovindiflupyr,LrwHC-1,SB15,2023-07-27,2023-08-03,7,100,2,6.86,5.84
Aprovia,Benzovindiflupyr,LrwHC-1,SB15,2023-07-27,2023-08-03,7,100,3,5.41,5.91
Aprovia,Benzovindiflupyr,LrwHC-1,SB15,2023-07-27,2023-08-03,7,500,1,10.47,6.89
Aprovia,Benzovindiflupyr,LrwHC-1,SB15,2023-07-27,2023-08-03,7,500,2,8.3,7.32
Aprovia,Benzovindiflupyr,LrwHC-1,SB15,2023-07-27,2023-08-03,7,500,3,9.77,7.24
Aprovia,Benzovindiflupyr,LrwHC-1,SB15,2023-07-27,2023-08-03,7,1000,1,10.22,8.43
Aprovia,Benzovindiflupyr,LrwHC-1,SB15,2023-07-27,2023-08-03,7,1000,2,9.51,9.35
Aprovia,Benzovindiflupyr,LrwHC-1,SB15,2023-07-27,2023-08-03,7,1000,3,6.26,6.62
Cabrio,Pyraclostrobin,GD-16-1,SB1,2023-08-04,2023-08-11,7,0,1,84,84
Cabrio,Pyraclostrobin,GD-16-1,SB1,2023-08-04,2023-08-11,7,0,2,84,84
Cabrio,Pyraclostrobin,GD-16-1,SB1,2023-08-04,2023-08-11,7,0,3,84,84
Cabrio,Pyraclostrobin,GD-16-1,SB1,2023-08-04,2023-08-11,7,0.01,1,84,84
Cabrio,Pyraclostrobin,GD-16-1,SB1,2023-08-04,2023-08-11,7,0.01,2,84,84
Cabrio,Pyraclostrobin,GD-16-1,SB1,2023-08-04,2023-08-11,7,0.01,3,84,84
Cabrio,Pyraclostrobin,GD-16-1,SB1,2023-08-04,2023-08-11,7,0.1,1,84,84
Cabrio,Pyraclostrobin,GD-16-1,SB1,2023-08-04,2023-08-11,7,0.1,2,84,84
Cabrio,Pyraclostrobin,GD-16-1,SB1,2023-08-04,2023-08-11,7,0.1,3,82.01,84
Cabrio,Pyraclostrobin,GD-16-1,SB1,2023-08-04,2023-08-11,7,1,1,64.72,66.58
Cabrio,Pyraclostrobin,GD-16-1,SB1,2023-08-04,2023-08-11,7,1,2,60.26,58.04
Cabrio,Pyraclostrobin,GD-16-1,SB1,2023-08-04,2023-08-11,7,1,3,49.54,49.46
Cabrio,Pyraclostrobin,GD-16-1,SB1,2023-08-04,2023-08-11,7,10,1,42.61,40.76
Cabrio,Pyraclostrobin,GD-16-1,SB1,2023-08-04,2023-08-11,7,10,2,35.5,35.16
Cabrio,Pyraclostrobin,GD-16-1,SB1,2023-08-04,2023-08-11,7,10,3,35.83,35.76
Cabrio,Pyraclostrobin,GD-16-1,SB1,2023-08-04,2023-08-11,7,100,1,23.25,23.35
Cabrio,Pyraclostrobin,GD-16-1,SB1,2023-08-04,2023-08-11,7,100,2,23.46,23.27
Cabrio,Pyraclostrobin,GD-16-1,SB1,2023-08-04,2023-08-11,7,100,3,22.12,24.52
Cabrio,Pyraclostrobin,GD-16-1,SB1,2023-08-04,2023-08-11,7,500,1,23.88,23.22
Cabrio,Pyraclostrobin,GD-16-1,SB1,2023-08-04,2023-08-11,7,500,2,20.67,19.07
Cabrio,Pyraclostrobin,GD-16-1,SB1,2023-08-04,2023-08-11,7,500,3,21.48,20.24
Cabrio,Pyraclostrobin,GD-16-1,SB1,2023-08-04,2023-08-11,7,1000,1,21.28,20.91
Cabrio,Pyraclostrobin,GD-16-1,SB1,2023-08-04,2023-08-11,7,1000,2,16.1,13.66
Cabrio,Pyraclostrobin,GD-16-1,SB1,2023-08-04,2023-08-11,7,1000,3,6.82,7.95
Cabrio,Pyraclostrobin,Gla18-38,SB11,2023-08-04,2023-08-11,7,0,1,84,84
Cabrio,Pyraclostrobin,Gla18-38,SB11,2023-08-04,2023-08-11,7,0,2,84,84
Cabrio,Pyraclostrobin,Gla18-38,SB11,2023-08-04,2023-08-11,7,0,3,80.97,84
Cabrio,Pyraclostrobin,Gla18-38,SB11,2023-08-04,2023-08-11,7,0.01,1,71.72,67.86
Cabrio,Pyraclostrobin,Gla18-38,SB11,2023-08-04,2023-08-11,7,0.01,2,65.78,64.52
Cabrio,Pyraclostrobin,Gla18-38,SB11,2023-08-04,2023-08-11,7,0.01,3,65.75,68.36
Cabrio,Pyraclostrobin,Gla18-38,SB11,2023-08-04,2023-08-11,7,0.1,1,0,0
Cabrio,Pyraclostrobin,Gla18-38,SB11,2023-08-04,2023-08-11,7,0.1,2,49.63,45.46
Cabrio,Pyraclostrobin,Gla18-38,SB11,2023-08-04,2023-08-11,7,0.1,3,61.89,57.52
Cabrio,Pyraclostrobin,Gla18-38,SB11,2023-08-04,2023-08-11,7,1,1,13.03,11.89
Cabrio,Pyraclostrobin,Gla18-38,SB11,2023-08-04,2023-08-11,7,1,2,10.32,10.39
Cabrio,Pyraclostrobin,Gla18-38,SB11,2023-08-04,2023-08-11,7,1,3,8.31,7.28
Cabrio,Pyraclostrobin,Gla18-38,SB11,2023-08-04,2023-08-11,7,10,1,0,0
Cabrio,Pyraclostrobin,Gla18-38,SB11,2023-08-04,2023-08-11,7,10,2,0,0
Cabrio,Pyraclostrobin,Gla18-38,SB11,2023-08-04,2023-08-11,7,10,3,0,0
Cabrio,Pyraclostrobin,Gla18-38,SB11,2023-08-04,2023-08-11,7,100,1,7.57,8.86
Cabrio,Pyraclostrobin,Gla18-38,SB11,2023-08-04,2023-08-11,7,100,2,8.11,7.8
Cabrio,Pyraclostrobin,Gla18-38,SB11,2023-08-04,2023-08-11,7,100,3,0,0
Cabrio,Pyraclostrobin,Gla18-38,SB11,2023-08-04,2023-08-11,7,500,1,14.86,13.51
Cabrio,Pyraclostrobin,Gla18-38,SB11,2023-08-04,2023-08-11,7,500,2,0,0
Cabrio,Pyraclostrobin,Gla18-38,SB11,2023-08-04,2023-08-11,7,500,3,0,0
Cabrio,Pyraclostrobin,Gla18-38,SB11,2023-08-04,2023-08-11,7,1000,1,11.28,8.97
Cabrio,Pyraclostrobin,Gla18-38,SB11,2023-08-04,2023-08-11,7,1000,2,0,0
Cabrio,Pyraclostrobin,Gla18-38,SB11,2023-08-04,2023-08-11,7,1000,3,0,0
Cabrio,Pyraclostrobin,LrwHC-1,SB15,2023-08-04,2023-08-11,7,0,1,84,84
Cabrio,Pyraclostrobin,LrwHC-1,SB15,2023-08-04,2023-08-11,7,0,2,84,84
Cabrio,Pyraclostrobin,LrwHC-1,SB15,2023-08-04,2023-08-11,7,0,3,84,84
Cabrio,Pyraclostrobin,LrwHC-1,SB15,2023-08-04,2023-08-11,7,0.01,1,84,84
Cabrio,Pyraclostrobin,LrwHC-1,SB15,2023-08-04,2023-08-11,7,0.01,2,84,84
Cabrio,Pyraclostrobin,LrwHC-1,SB15,2023-08-04,2023-08-11,7,0.01,3,81.1,84
Cabrio,Pyraclostrobin,LrwHC-1,SB15,2023-08-04,2023-08-11,7,0.1,1,75.23,73.73
Cabrio,Pyraclostrobin,LrwHC-1,SB15,2023-08-04,2023-08-11,7,0.1,2,84,84
Cabrio,Pyraclostrobin,LrwHC-1,SB15,2023-08-04,2023-08-11,7,0.1,3,81.39,76.96
Cabrio,Pyraclostrobin,LrwHC-1,SB15,2023-08-04,2023-08-11,7,1,1,39.33,32.97
Cabrio,Pyraclostrobin,LrwHC-1,SB15,2023-08-04,2023-08-11,7,1,2,68.78,76.94
Cabrio,Pyraclostrobin,LrwHC-1,SB15,2023-08-04,2023-08-11,7,1,3,60.33,51.85
Cabrio,Pyraclostrobin,LrwHC-1,SB15,2023-08-04,2023-08-11,7,10,1,32.42,32.37
Cabrio,Pyraclostrobin,LrwHC-1,SB15,2023-08-04,2023-08-11,7,10,2,38.5,40.06
Cabrio,Pyraclostrobin,LrwHC-1,SB15,2023-08-04,2023-08-11,7,10,3,44.08,47.54
Cabrio,Pyraclostrobin,LrwHC-1,SB15,2023-08-04,2023-08-11,7,100,1,43.89,44.38
Cabrio,Pyraclostrobin,LrwHC-1,SB15,2023-08-04,2023-08-11,7,100,2,42.17,44.68
Cabrio,Pyraclostrobin,LrwHC-1,SB15,2023-08-04,2023-08-11,7,100,3,41.82,40.19
Cabrio,Pyraclostrobin,LrwHC-1,SB15,2023-08-04,2023-08-11,7,500,1,25.71,25.21
Cabrio,Pyraclostrobin,LrwHC-1,SB15,2023-08-04,2023-08-11,7,500,2,25.31,21.56
Cabrio,Pyraclostrobin,LrwHC-1,SB15,2023-08-04,2023-08-11,7,500,3,47.89,44.57
Cabrio,Pyraclostrobin,LrwHC-1,SB15,2023-08-04,2023-08-11,7,1000,1,20.27,17.85
Cabrio,Pyraclostrobin,LrwHC-1,SB15,2023-08-04,2023-08-11,7,1000,2,36.35,27.01
Cabrio,Pyraclostrobin,LrwHC-1,SB15,2023-08-04,2023-08-11,7,1000,3,17.79,13.51
Inspire,Difenoconazole ,Gla18-38,SB11,2023-08-04,2023-08-11,7,0,1,62.44,63.17
Inspire,Difenoconazole ,Gla18-38,SB11,2023-08-04,2023-08-11,7,0,2,37.14,35.6
Inspire,Difenoconazole ,Gla18-38,SB11,2023-08-04,2023-08-11,7,0,3,54.03,51.12
Inspire,Difenoconazole ,Gla18-38,SB11,2023-08-04,2023-08-11,7,0.01,1,13.38,12.02
Inspire,Difenoconazole ,Gla18-38,SB11,2023-08-04,2023-08-11,7,0.01,2,23.93,22.81
Inspire,Difenoconazole ,Gla18-38,SB11,2023-08-04,2023-08-11,7,0.01,3,13.2,12.12
Inspire,Difenoconazole ,Gla18-38,SB11,2023-08-04,2023-08-11,7,0.1,1,10,7.11
Inspire,Difenoconazole ,Gla18-38,SB11,2023-08-04,2023-08-11,7,0.1,2,0,0
Inspire,Difenoconazole ,Gla18-38,SB11,2023-08-04,2023-08-11,7,0.1,3,0,0
Inspire,Difenoconazole ,Gla18-38,SB11,2023-08-04,2023-08-11,7,1,1,0,0
Inspire,Difenoconazole ,Gla18-38,SB11,2023-08-04,2023-08-11,7,1,2,0,0
Inspire,Difenoconazole ,Gla18-38,SB11,2023-08-04,2023-08-11,7,1,3,0,0
Inspire,Difenoconazole ,Gla18-38,SB11,2023-08-04,2023-08-11,7,10,1,0,0
Inspire,Difenoconazole ,Gla18-38,SB11,2023-08-04,2023-08-11,7,10,2,0,0
Inspire,Difenoconazole ,Gla18-38,SB11,2023-08-04,2023-08-11,7,10,3,0,0
Inspire,Difenoconazole ,Gla18-38,SB11,2023-08-04,2023-08-11,7,100,1,0,0
Inspire,Difenoconazole ,Gla18-38,SB11,2023-08-04,2023-08-11,7,100,2,0,0
Inspire,Difenoconazole ,Gla18-38,SB11,2023-08-04,2023-08-11,7,100,3,0,0
Inspire,Difenoconazole ,Gla18-38,SB11,2023-08-04,2023-08-11,7,500,1,0,0
Inspire,Difenoconazole ,Gla18-38,SB11,2023-08-04,2023-08-11,7,500,2,0,0
Inspire,Difenoconazole ,Gla18-38,SB11,2023-08-04,2023-08-11,7,500,3,0,0
Inspire,Difenoconazole ,Gla18-38,SB11,2023-08-04,2023-08-11,7,1000,1,0,0
Inspire,Difenoconazole ,Gla18-38,SB11,2023-08-04,2023-08-11,7,1000,2,0,0
Inspire,Difenoconazole ,Gla18-38,SB11,2023-08-04,2023-08-11,7,1000,3,0,0
Inspire,Difenoconazole ,LrwHC-1,SB15,2023-08-04,2023-08-11,7,10,1,12.57,13.25
Inspire,Difenoconazole ,LrwHC-1,SB15,2023-08-04,2023-08-11,7,10,2,0,0
Inspire,Difenoconazole ,LrwHC-1,SB15,2023-08-04,2023-08-11,7,10,3,0,0
Inspire,Difenoconazole ,LrwHC-1,SB15,2023-08-04,2023-08-11,7,100,1,0,0
Inspire,Difenoconazole ,LrwHC-1,SB15,2023-08-04,2023-08-11,7,100,2,0,0
Inspire,Difenoconazole ,LrwHC-1,SB15,2023-08-04,2023-08-11,7,100,3,0,0
